ticker,quarter,pe_ratio,price_to_sales_ratio,price_to_book_ratio,price_to_fcf_ratio,debt_to_equity_ratio
CLF,2020.4,0,1.46,5.17,0,NA
CLF,2020.3,0,0.65,2.28,0,6.55
CLF,2020.2,78.86,0.7,1.97,0,6.59
CLF,2020.1,4.09,0.51,1.26,0,6.24
CLF,2019.4,7.81,1.17,6.19,0,8.79
CLF,2019.3,2.48,0.93,5.22,18.52,8.7
CLF,2019.2,2.64,1.31,9.67,15.35,10.88
CLF,2019.1,2.47,1.25,10.3,16.94,11.63
CLF,2018.4,2,0.95,5.03,8.21,7.32
CLF,2018.3,4.41,1.84,-41.47,26.24,-37.25
CLF,2018.2,5.36,1.31,-7.77,25.59,-10.96
CLF,2018.1,6.27,1.24,-4.04,18.12,-6.91
CLF,2017.4,5.55,1.06,-4.58,9.85,-7.65
CLF,2017.3,13.03,1.08,-2.41,4.33,-3.31
CLF,2017.2,29.81,0.94,-2.92,4.38,-4.05
CLF,2017.1,43.22,0.96,-3.28,4.3,-3.74
CLF,2016.4,8.76,0.98,-1.4,6.61,-2.45
CLF,2016.3,30.8,0.54,-0.91,9.02,-2.27
CLF,2016.2,26.86,0.47,-0.59,3.98,-2.1
CLF,2016.1,5.47,0.24,-0.3,9.78,-2.11
CLF,2015.4,0,0.12,-0.13,0,-2.18
CLF,2015.3,0,0.14,-0.2,4.08,-2.29
CLF,2015.2,0,0.22,-0.36,7.93,-2.5
CLF,2015.1,0,0.22,-0.39,13.87,-2.52
CLF,2014.4,0,0.31,-0.6,13.85,-2.82
CLF,2014.3,0,0.71,-8.38,8.8,-28.14
CLF,2014.2,44.98,0.88,0.31,35.99,0.92
CLF,2014.1,16.48,0.97,0.42,8.73,0.93
CLF,2013.4,10.21,1.04,0.53,14.65,0.91
CLF,2013.3,0,0.52,0.41,0,0.96
CLF,2013.2,0,0.39,0.33,0,1
CLF,2013.1,0,0.42,0.38,0,1.02
CLF,2012.4,0,0.83,0.85,0,1.36
CLF,2012.3,5.39,0.83,0.63,0,0.99
CLF,2012.2,4.32,0.95,0.79,15.7,1
CLF,2012.1,5.4,1.27,1.13,8.32,1
CLF,2011.4,4.64,1.14,1.07,5.3,1.07
CLF,2011.3,3.35,0.96,0.9,3.74,1.04
CLF,2011.2,7.06,1.92,1.74,7.86,1.1
CLF,2011.1,8.24,2.28,2.62,10.82,1.1
CLF,2010.4,8.6,1.99,2.31,8.46,1.03
CLF,2010.3,9.54,1.76,2.1,11.04,1.05
CLF,2010.2,10.15,1.54,1.78,11.02,0.88
CLF,2010.1,25.49,2.95,2.83,36.47,0.96
CLF,2009.4,24.58,2.04,1.98,69.47,0.83
CLF,2009.3,22.2,1.3,1.46,14.85,0.87
CLF,2009.2,8.56,0.76,1.17,4.42,0.9
CLF,2009.1,3.28,0.45,0.98,2.04,1.31
CLF,2008.4,4.39,0.63,1.37,3.21,1.34
CLF,2008.3,8.32,1.33,2.75,13.62,1.55
CLF,2008.2,23.53,3.54,6.03,257.1,1.43
CLF,2008.1,20.33,2.11,3.27,0,1.43
CLF,2007.4,16.08,1.9,2.77,0,1.37
CLF,2007.3,14.52,1.86,2.6,22.21,1.64
CLF,2007.2,11.41,1.67,2.42,18.37,1.07
CLF,2007.1,9.62,1.43,2.75,13.22,1.59
CLF,2006.4,7.17,1.1,1.75,7.03,1.11
CLF,2006.3,NA,NA,1.37,NA,0.99
CLF,2006.2,NA,NA,1.55,NA,1.1
CLF,2006.1,NA,NA,1.82,NA,1.09
CLF,2005.4,NA,NA,NA,NA,1.12
CLF,2005.3,NA,NA,NA,NA,1.02
CLF,2005.2,NA,NA,NA,NA,1.25
CLF,2005.1,NA,NA,NA,NA,1.4
CMC,2020.4,8.82,0.45,1.3,4.02,NA
CMC,2020.3,8.9,0.46,1.31,4.06,1.16
CMC,2020.2,6.81,0.36,1.12,3.27,1.2
CMC,2020.1,6.86,0.36,1.21,4.35,1.22
CMC,2019.4,9.46,0.42,1.45,6.09,1.24
CMC,2019.3,9.09,0.31,1.1,0,1.31
CMC,2019.2,9.24,0.27,0.97,0,1.41
CMC,2019.1,14.79,0.36,1.24,0,1.49
CMC,2018.4,17.58,0.45,1.44,0,1.49
CMC,2018.3,17.27,0.52,1.6,0,1.23
CMC,2018.2,45.25,0.61,1.79,0,1.23
CMC,2018.1,46.23,0.65,1.82,0,1.01
CMC,2017.4,27.89,0.55,1.5,0,1.02
CMC,2017.3,43.53,0.53,1.44,0,1.12
CMC,2017.2,25.52,0.63,1.35,0,1.31
CMC,2017.1,40.09,0.68,1.64,29.08,1.3
CMC,2016.4,64.27,0.67,1.73,13.28,1.26
CMC,2016.3,29.68,0.45,1.17,3.8,1.29
CMC,2016.2,36.48,0.42,1.29,2.87,1.28
CMC,2016.1,17.59,0.34,1.11,2.3,1.26
CMC,2015.4,11.7,0.31,1.1,2.94,1.42
CMC,2015.3,11.39,0.3,1.14,7.72,1.49
CMC,2015.2,9.02,0.26,1.19,133.96,1.65
CMC,2015.1,10.33,0.23,1.14,0,1.74
CMC,2014.4,15.79,0.24,1.22,0,1.7
CMC,2014.3,15.04,0.25,1.27,32.79,1.74
CMC,2014.2,20.96,0.28,1.3,15.22,1.68
CMC,2014.1,24.06,0.3,1.42,11.44,1.65
CMC,2013.4,25.94,0.29,1.43,10.08,1.67
CMC,2013.3,18.84,0.22,1.13,19.68,1.75
CMC,2013.2,14.3,0.21,1.15,22.55,1.8
CMC,2013.1,12.34,0.22,1.19,26.5,1.63
CMC,2012.4,8.5,0.17,0.97,18.34,1.67
CMC,2012.3,5.67,0.15,0.84,8.62,1.76
CMC,2012.2,18.81,0.13,0.89,9.35,1.89
CMC,2012.1,23.11,0.15,0.97,0,1.84
CMC,2011.4,0,0.16,1.06,0,1.97
CMC,2011.3,0,0.14,0.9,131.98,2.17
CMC,2011.2,0,0.18,1,0,1.86
CMC,2011.1,0,0.2,1.16,52,1.88
CMC,2010.4,0,0.2,1.05,0,1.88
CMC,2010.3,0,0.17,0.88,0,1.96
CMC,2010.2,0,0.23,1.07,0,1.91
CMC,2010.1,0,0.26,1.04,4.88,1.69
CMC,2009.4,0,0.24,0.85,2.6,1.37
CMC,2009.3,76.31,0.22,0.9,3.16,1.41
CMC,2009.2,18.69,0.18,0.91,5,1.46
CMC,2009.1,5.7,0.09,0.56,0,1.55
CMC,2008.4,4.36,0.1,0.61,0,1.69
CMC,2008.3,9.26,0.22,1.26,0,1.9
CMC,2008.2,11.2,0.32,1.77,0,1.51
CMC,2008.1,8.14,0.29,1.54,58.23,1.3
CMC,2007.4,7.64,0.3,1.56,20.19,1.23
CMC,2007.3,6.78,0.29,1.52,9.42,1.24
CMC,2007.2,7.75,0.37,1.94,27.99,1.2
CMC,2007.1,6.48,0.3,1.63,14.78,1.09
CMC,2006.4,6.56,0.33,1.77,18.91,1.16
CMC,2006.3,NA,NA,1.42,NA,1.38
CMC,2006.2,NA,NA,1.72,NA,1.26
CMC,2006.1,NA,NA,1.69,NA,1.29
CMC,2005.4,NA,NA,NA,NA,1.37
CMC,2005.3,NA,NA,NA,NA,1.59
CMC,2005.2,NA,NA,NA,NA,1.66
CMC,2005.1,NA,NA,NA,NA,1.64
FRD,2020.4,0,0.44,0.74,0,NA
FRD,2020.3,0,0.37,0.62,0,0.12
FRD,2020.2,0,0.28,0.54,10.08,0.08
FRD,2020.1,0,0.21,0.46,4.84,0.16
FRD,2019.4,0,0.27,0.59,1.99,0.2
FRD,2019.3,0,0.27,0.63,2.61,0.16
FRD,2019.2,28.29,0.26,0.66,5.38,0.15
FRD,2019.1,10.34,0.28,0.72,5.91,0.2
FRD,2018.4,5.66,0.25,0.64,9.38,0.27
FRD,2018.3,7.97,0.36,0.86,64,0.23
FRD,2018.2,8.78,0.37,0.75,0,0.33
FRD,2018.1,14.3,0.32,0.57,13.5,0.19
FRD,2017.4,269.4,0.38,0.62,0,0.18
FRD,2017.3,0,0.47,0.67,0,0.14
FRD,2017.2,0,0.47,0.6,10.92,0.14
FRD,2017.1,0,0.53,0.71,0,0.05
FRD,2016.4,0,0.59,0.7,23.82,0.05
FRD,2016.3,0,0.46,0.57,6.02,0.06
FRD,2016.2,0,0.46,0.6,0,0.07
FRD,2016.1,127.04,0.42,0.55,38.32,0.06
FRD,2015.4,103.48,0.39,0.55,0,0.09
FRD,2015.3,0,0.4,0.6,0,0.06
FRD,2015.2,38.86,0.38,0.62,0,0.05
FRD,2015.1,115.46,0.36,0.62,0,0.06
FRD,2014.4,36.15,0.38,0.69,0,0.24
FRD,2014.3,33.41,0.42,0.78,0,0.12
FRD,2014.2,70.95,0.46,0.84,0,0.12
FRD,2014.1,31.07,0.45,0.83,53.46,0.14
FRD,2013.4,21.12,0.46,0.84,17.34,0.14
FRD,2013.3,19.4,0.52,0.99,0,0.16
FRD,2013.2,12.55,0.48,0.96,5.83,0.11
FRD,2013.1,9.92,0.44,0.96,5.5,0.22
FRD,2012.4,8.63,0.41,0.98,14.87,0.12
FRD,2012.3,7.55,0.38,0.89,12.31,0.17
FRD,2012.2,6.81,0.35,0.88,126.7,0.14
FRD,2012.1,7.49,0.38,0.96,7.45,0.24
FRD,2011.4,6.33,0.36,0.93,9.05,0.2
FRD,2011.3,5.22,0.31,0.77,7.77,0.19
FRD,2011.2,6.73,0.4,0.96,6.72,0.22
FRD,2011.1,6.66,0.41,0.92,0,0.18
FRD,2010.4,7.64,0.4,0.81,0,0.18
FRD,2010.3,7.91,0.35,0.57,0,0.22
FRD,2010.2,12.03,0.33,0.47,0,0.16
FRD,2010.1,40.78,0.43,0.49,7.44,0.15
FRD,2009.4,0,0.44,0.51,2.18,0.1
FRD,2009.3,7.34,0.27,0.52,1.63,0.1
FRD,2009.2,2.72,0.16,0.47,2.12,0.1
FRD,2009.1,1.71,0.11,0.42,1,0.08
FRD,2008.4,2.03,0.13,0.55,3.09,0.25
FRD,2008.3,2.64,0.14,0.57,9,0.55
FRD,2008.2,5.23,0.19,0.75,2.7,0.36
FRD,2008.1,5.01,0.13,0.51,0,0.49
FRD,2007.4,6.32,0.16,0.63,7.41,0.33
FRD,2007.3,7.57,0.21,0.88,18.93,0.29
FRD,2007.2,6.46,0.21,0.95,22.74,0.35
FRD,2007.1,5.6,0.2,0.93,30.65,0.56
FRD,2006.4,6.52,0.26,1.23,9.08,0.52
FRD,2006.3,NA,NA,0.85,NA,0.49
FRD,2006.2,NA,NA,0.96,NA,0.42
FRD,2006.1,NA,NA,1.02,NA,0.51
FRD,2005.4,NA,NA,NA,NA,0.38
FRD,2005.3,NA,NA,NA,NA,0.4
FRD,2005.2,NA,NA,NA,NA,0.39
FRD,2005.1,NA,NA,NA,NA,0.44
GGB,2020.4,8.81,0.84,1.37,606.49,NA
GGB,2020.3,6.89,0.66,1.07,0,1.01
GGB,2020.2,26.57,0.52,0.88,24.36,1.07
GGB,2020.1,13.47,0.3,0.48,10.48,1.07
GGB,2019.4,26.84,0.73,1.19,0,0.99
GGB,2019.3,13.47,0.5,0.76,3.56,0.93
GGB,2019.2,12.27,0.57,0.96,6.36,0.92
GGB,2019.1,10.54,0.54,0.93,5.53,0.97
GGB,2018.4,9.94,0.5,0.88,4.74,0.98
GGB,2018.3,68.62,0.55,1.04,7.44,1.1
GGB,2018.2,0,0.47,0.83,8.02,1.12
GGB,2018.1,0,0.64,1.04,14.62,1.11
GGB,2017.4,0,0.53,0.82,11.12,1.11
GGB,2017.3,0,0.51,0.72,14.98,1.11
GGB,2017.2,0,0.46,0.63,9.43,1.14
GGB,2017.1,0,0.52,0.71,9.42,1.15
GGB,2016.4,0,0.48,0.74,7.16,1.25
GGB,2016.3,0,0.41,0.52,5.7,1.11
GGB,2016.2,0,0.25,0.38,2.14,1.1
GGB,2016.1,0,0.23,0.38,1.91,1.15
GGB,2015.4,0,0.15,0.2,1.29,1.19
GGB,2015.3,0,0.15,0.22,1.61,1.12
GGB,2015.2,8.38,0.24,0.34,4.64,0.94
GGB,2015.1,9.63,0.29,0.4,5.53,0.94
GGB,2014.4,9.4,0.31,0.4,9.56,0.9
GGB,2014.3,12.3,0.41,0.52,18.84,0.85
GGB,2014.2,11.75,0.5,0.65,12.43,0.83
GGB,2014.1,12.46,0.54,0.75,16.9,0.82
GGB,2013.4,17.38,0.65,0.82,14.97,0.82
GGB,2013.3,19.8,0.62,0.85,12.93,0.81
GGB,2013.2,17.69,0.47,0.6,14.04,0.81
GGB,2013.1,20.34,0.62,0.83,20.29,0.82
GGB,2012.4,19.18,0.7,0.93,21.27,0.84
GGB,2012.3,16.01,0.71,1.02,18.45,0.86
GGB,2012.2,11.61,0.63,0.92,31.08,0.88
GGB,2012.1,12.17,0.67,0.97,0,0.86
GGB,2011.4,9.3,0.53,0.74,0,0.89
GGB,2011.3,8.19,0.47,0.65,0,0.86
GGB,2011.2,12.5,0.68,1.02,23.09,0.84
GGB,2011.1,12.86,0.82,1.34,9.25,1.11
GGB,2010.4,13.7,0.95,0,10.49,1.13
GGB,2010.3,11.43,0.97,0,8.9,1.11
GGB,2010.2,10.9,1,1.23,8,0.99
GGB,2010.1,21.26,1.36,1.57,8.32,1.01
GGB,2009.4,29.9,1.48,1.84,7.96,1.03
GGB,2009.3,66.31,1.13,1.36,5.9,1.08
GGB,2009.2,21.42,0.69,0,5.14,1.21
GGB,2009.1,3.53,0.3,0,21.65,1.29
GGB,2008.4,3.43,0.33,0.57,15.4,1.36
GGB,2008.3,4.23,0.39,1.36,2.76,1.94
GGB,2008.2,9.81,0.91,2.7,6.18,1.85
GGB,2008.1,8.24,0.63,2.23,2.77,2.18
GGB,2007.4,6.52,0.64,2.23,2.71,2.28
GGB,2007.3,8.45,0.7,2.13,6.93,2.34
GGB,2007.2,8.95,0.72,2.26,9.82,1.71
GGB,2007.1,6.26,0.52,1.74,9.18,1.79
GGB,2006.4,9.53,0.48,0.59,6.69,1.94
GGB,2006.3,NA,NA,1.5,NA,1.83
GGB,2006.2,NA,NA,0,NA,1.86
GGB,2006.1,NA,NA,1.8,NA,1.81
GGB,2005.4,NA,NA,NA,NA,1.63
GGB,2005.3,NA,NA,NA,NA,1.53
GGB,2005.2,NA,NA,NA,NA,1.43
GGB,2005.1,NA,NA,NA,NA,1.65
MSB,2020.4,19.89,17.74,29.4,20.37,NA
MSB,2020.4,16.13,14.38,23.83,16.51,0.4
MSB,2020.3,11.52,10.45,18.59,9.25,0.07
MSB,2020.2,6.96,6.49,30.57,5.79,1.36
MSB,2020.1,8.43,7.92,21.41,7.32,1
MSB,2019.4,8.43,7.91,16.8,7.09,0.79
MSB,2019.3,7.94,7.55,14.7,7.09,0.14
MSB,2019.2,7.69,7.38,33.86,7.53,1.18
MSB,2019.1,6.71,6.48,18.24,6.74,1.11
MSB,2018.4,7.81,6.83,10.73,7.71,0.44
MSB,2018.3,12.12,7.39,11.31,8.3,0.11
MSB,2018.2,12.4,6.61,21.85,7.49,0.56
MSB,2018.1,15.78,7.56,24.6,8.84,1.47
MSB,2017.4,10.81,6.53,10.84,6.85,0.41
MSB,2017.3,5.49,4.86,7.63,6.85,0.12
MSB,2017.2,11.09,9.48,23.37,12.42,1.15
MSB,2017.1,13.41,11.79,12.58,10.2,0.4
MSB,2016.4,10.61,9.18,10.95,16.08,0.18
MSB,2016.3,13.44,11.5,16.62,14.88,0.47
MSB,2016.2,12.09,10.38,14.7,10.33,0.5
MSB,2016.1,4.55,3.99,4.31,4.72,0.09
MSB,2015.4,6.68,6.05,11.03,5.28,0.01
MSB,2015.3,4.56,4.32,20.84,4.04,0.14
MSB,2015.2,5.16,4.91,51.7,5.37,0.04
MSB,2015.1,5.98,5.68,91.96,6.1,5.27
MSB,2014.4,6.41,6.11,35.9,6.67,2.68
MSB,2014.3,7.86,7.41,34.24,8.02,0.98
MSB,2014.2,8.35,7.93,141.56,7.74,0.1
MSB,2014.1,7.48,7.17,160.58,7.43,7.69
MSB,2013.4,8.49,8.11,52.23,8.67,2
MSB,2013.3,5.15,4.97,34.44,4.82,1.55
MSB,2013.2,5.28,5.13,66.76,5.06,0.51
MSB,2013.1,4.43,5.67,0,5.83,5.47
MSB,2012.4,4.45,5.64,66.23,3.82,5.27
MSB,2012.3,4.02,5.02,29.42,5.16,1.41
MSB,2012.2,4.69,5.87,57.23,6.09,0.27
MSB,2012.1,6.42,6.24,0,6.44,9.83
MSB,2011.4,5.55,5.39,37.84,10.67,3.23
MSB,2011.3,6.32,6.12,33.26,6.56,1.58
MSB,2011.2,7.05,6.85,63.79,7.03,0.22
MSB,2011.1,6.28,6.1,0,6.7,8.77
MSB,2010.4,7.36,7.19,58.52,8.24,2.83
MSB,2010.3,5.25,5.09,29.81,6.73,2.21
MSB,2010.2,6.84,6.52,26.26,9.35,0.63
MSB,2010.1,6.25,5.88,69.01,4.58,8.93
MSB,2009.4,6.27,5.7,29.45,5.16,2.82
MSB,2009.3,3.73,3.54,-335.69,2.41,-15.5
MSB,2009.2,1.62,1.58,-131.11,1.41,-19.17
MSB,2009.1,1.25,1.22,11.44,1.32,0.41
MSB,2008.4,1.8,1.76,27.84,1.78,6.76
MSB,2008.3,3.94,3.85,17.85,4.59,1.84
MSB,2008.2,5.35,5.16,29.04,5.8,0.46
MSB,2008.1,5.14,4.97,56.51,5.33,4.11
MSB,2007.4,6.21,5.92,35,6.24,2.4
MSB,2007.3,5.19,4.98,34.12,4.93,1.77
MSB,2007.2,4.88,4.72,37.84,4.87,0.3
MSB,2007.1,6.03,5.79,90.87,4.94,3.75
MSB,2006.4,4.25,4.11,33.67,2.58,2.73
MSB,2006.3,NA,NA,21.83,NA,1.53
MSB,2006.2,NA,NA,33.43,NA,1.61
MSB,2006.1,NA,NA,15.88,NA,1.27
MSB,2005.4,NA,NA,NA,NA,1.39
MSB,2005.3,NA,NA,NA,NA,1.84
MSB,2005.2,NA,NA,NA,NA,2.1
MSB,2005.1,NA,NA,NA,NA,0.91
MT,2020.4,0,0.45,Inf,6.89,NA
MT,2020.3,0,0.26,0,3.98,1.19
MT,2020.2,0,0.19,0.31,6.4,1.16
MT,2020.1,0,0.14,0,3.53,1.26
MT,2019.4,0,0.25,0,6,1.17
MT,2019.3,23.34,0.2,0,10.31,1.09
MT,2019.2,8.93,0.24,0,9.8,1.09
MT,2019.1,4.69,0.27,0,13.09,1.09
MT,2018.4,4.05,0.27,0.47,21.82,1.07
MT,2018.3,6.24,0.41,0,18.1,1.02
MT,2018.2,5.48,0.39,0,14.57,1.05
MT,2018.1,6.74,0.45,0,15.8,1.06
MT,2017.4,7.12,0.47,0.79,18.7,1.09
MT,2017.3,6.59,0.39,0,27.55,1.19
MT,2017.2,6.73,0.36,0.63,168.05,1.25
MT,2017.1,7.76,0.41,0,14.32,1.31
MT,2016.4,14.39,0.33,0.68,48.05,1.33
MT,2016.3,0,0.26,0,24.4,1.3
MT,2016.2,0,0.18,0.44,8.74,1.34
MT,2016.1,0,0.15,0,93.32,1.75
MT,2015.4,0,0.13,0.25,0,1.79
MT,2015.3,0,0.15,0,84.78,0
MT,2015.2,0,0.25,0,0,1.31
MT,2015.1,0,0.23,0,0,1.31
MT,2014.4,0,0.25,0.39,114.65,1.2
MT,2014.3,0,0.29,0,20.09,1.12
MT,2014.2,0,0.32,0,69.77,1.1
MT,2014.1,0,0.35,0,21.65,1.14
MT,2013.4,0,0.38,0.53,22.37,1.11
MT,2013.3,0,0.28,0,13.44,1.12
MT,2013.2,0,0.22,0,15.57,1.18
MT,2013.1,0,0.24,0,25.62,1.19
MT,2012.4,0,0.31,0.5,23.43,1.26
MT,2012.3,0,0.24,0,4.56,1.02
MT,2012.2,127.36,0.24,0,3.92,1.04
MT,2012.1,36.1,0.29,0,8.98,1.17
MT,2011.4,14.08,0.28,0.45,18.03,1.15
MT,2011.3,10.87,0.24,0,0,0
MT,2011.2,15.37,0.54,0,0,1.01
MT,2011.1,17.48,0.58,0,43.43,1
MT,2010.4,22.58,0.65,0.78,22.99,0.98
MT,2010.3,10.66,0.58,0,0,0.97
MT,2010.2,9.59,0.5,0,0,0.98
MT,2010.1,34.77,0.85,0,41.46,0.97
MT,2009.4,0,0.88,0.9,29.69,0.95
MT,2009.3,0,0.65,0,22.74,1.02
MT,2009.2,0,0.44,0,29.98,1.07
MT,2009.1,3.92,0.21,0,7.77,1.17
MT,2008.4,3.03,0.23,0.47,6.26,1.25
MT,2008.3,3.78,0.43,0,10.16,0
MT,2008.2,8.47,0.94,0,17.7,1.33
MT,2008.1,9.91,0.88,0,13.23,0
MT,2007.2,8.99,0.79,0,17.6,1.57
MT,2007.1,8.81,0.74,0,10.34,1.62
MT,2006.4,7.94,0.65,0.91,10.97,1.24
MT,2006.3,NA,NA,0,NA,1.33
MT,2006.2,NA,NA,0,NA,1.84
MT,2006.1,NA,NA,0,NA,1.93
MT,2005.4,NA,NA,NA,NA,2.06
MT,2005.3,NA,NA,NA,NA,1.5
MT,2005.2,NA,NA,NA,NA,1.75
MT,2005.1,NA,NA,NA,NA,12.86
MTL,2020.4,Inf,Inf,Inf,Inf,NA
MTL,2020.3,0,0,NA,NA,-1.8
MTL,2020.1,0,0,0,0,-2.21
MTL,2019.1,0,0,0,0,-2.45
MTL,2018.1,0,0,0,0,-2.32
MTL,2017.1,0,0,0,0,-2.39
MTL,2016.4,0,0.7,0,0,-2.29
MTL,2016.3,0,0.35,0,0,-2.31
MTL,2016.2,0,0.2,0,0,-2.57
MTL,2016.1,0,0.22,0,0,0
MTL,2015.4,0,0.25,0,0,-2.31
MTL,2015.3,0,0.28,0,0,-2.74
MTL,2015.2,0,0.38,0,0,-3.28
MTL,2015.1,0,0.39,0,1.7,-3.27
MTL,2014.4,0,0.03,0,0,-3.54
MTL,2014.3,0,0.05,0,0,-52.42
MTL,2014.2,0,0.11,0,9.19,95.3
MTL,2013.4,0,0.1,0,0,16.04
MTL,2013.3,0,0.54,0,0,10.3
MTL,2013.2,0,0.48,0,0,9.47
MTL,2013.1,0,0.85,0,0,4.29
MTL,2012.4,0,0,0,0,4
MTL,2012.3,0,0,0,0,3
MTL,2012.2,0,0,0,0,2.96
MTL,2012.1,0,0,0,0,2.46
MTL,2011.4,0,0,0,0,2.6
MTL,2011.3,0,0,0,0,2.52
MTL,2011.2,0,0,0,0,2.36
MTL,2011.1,0,0,0,0,2.2
MTL,2010.4,0,0,0,0,2.19
MTL,2010.3,0,0,0,0,2.14
MTL,2010.2,0,0,0,0,2.2
MTL,2010.1,0,0,0,202.18,2.12
MTL,2009.4,0,6.34,0,0,2.04
MTL,2009.3,0,2.8,0,6.7,2.06
MTL,2009.2,0,0.58,0,3.11,2.22
MTL,2009.1,0,0.2,0,3.83,2.8
MTL,2008.4,0.77,0.11,0,1.47,1.98
MTL,2008.3,2.23,0.38,0,30.98,1.96
MTL,2008.2,7.22,1.22,0,85.44,2.04
MTL,2008.1,6.78,1.09,0,21.45,1.39
MTL,2007.4,14.13,1.57,0,55.85,1.63
MTL,2007.3,24.27,3.42,0,0,0.74
MTL,2007.2,23.42,3.39,0,0,0.67
MTL,2007.1,17.8,2.45,0,41.79,0.57
MTL,2006.4,31.6,2.66,0,0,0.55
MTL,2006.3,NA,NA,0,NA,0.62
MTL,2006.2,NA,NA,0,NA,0.71
MTL,2006.1,NA,NA,0,NA,0.63
MTL,2005.4,NA,NA,NA,NA,0.63
MTL,2005.3,NA,NA,NA,NA,0.68
MTL,2005.2,NA,NA,NA,NA,0.82
MTL,2005.1,NA,NA,NA,NA,0.77
NUE,2020.4,37.72,0.81,1.5,12.93,NA
NUE,2020.3,31.57,0.68,1.25,10.83,0.82
NUE,2020.2,24.24,0.6,1.16,8.8,0.77
NUE,2020.1,13.6,0.48,1,13.5,0.69
NUE,2019.4,13.09,0.73,1.52,12.05,0.7
NUE,2019.3,8.31,0.63,1.36,11.4,0.7
NUE,2019.2,7.37,0.65,1.48,11.06,0.69
NUE,2019.1,6.9,0.68,1.59,9.32,0.72
NUE,2018.4,6.52,0.61,1.45,10.63,0.76
NUE,2018.3,8.97,0.79,1.82,12.94,0.77
NUE,2018.2,10.96,0.83,1.87,18.74,0.79
NUE,2018.1,13.56,0.86,1.91,41.25,0.73
NUE,2017.4,13.99,0.92,2.03,29.39,0.74
NUE,2017.3,14.75,0.85,1.82,20.62,0.87
NUE,2017.2,15.09,0.92,1.91,24.27,0.85
NUE,2017.1,16.78,0.99,2.01,20.19,0.88
NUE,2016.4,23.08,1.04,2.04,14.52,0.84
NUE,2016.3,27.27,0.89,1.72,11.69,0.87
NUE,2016.2,29.44,0.89,1.74,9.64,0.88
NUE,2016.1,36.38,0.84,1.68,7.27,0.85
NUE,2015.4,31.02,0.68,1.41,6.11,0.83
NUE,2015.3,16.37,0.57,1.27,5.64,0.9
NUE,2015.2,18.54,0.61,1.49,6.87,0.89
NUE,2015.1,19.17,0.63,1.61,9.79,0.88
NUE,2014.4,18.39,0.62,1.61,18.37,0.93
NUE,2014.3,21.35,0.68,1.78,51.9,0.93
NUE,2014.2,22.45,0.64,1.62,254.33,0.93
NUE,2014.1,25.57,0.67,1.67,1306.84,0.92
NUE,2013.4,28.4,0.72,1.74,0,0.92
NUE,2013.3,27.72,0.67,1.59,0,0.92
NUE,2013.2,26.36,0.6,1.41,117.06,0.77
NUE,2013.1,26.24,0.61,1.49,203.46,0.8
NUE,2012.4,21.29,0.55,1.36,35.45,0.8
NUE,2012.3,18.71,0.48,1.2,11.92,0.91
NUE,2012.2,16.13,0.46,1.19,15.35,0.9
NUE,2012.1,13.65,0.51,1.33,14.63,0.9
NUE,2011.4,12.26,0.47,1.23,15.37,0.89
NUE,2011.3,12.03,0.39,0.98,8.05,0.93
NUE,2011.2,20.77,0.54,1.26,8.85,0.92
NUE,2011.1,41.2,0.63,1.43,19,0.93
NUE,2010.4,76,0.64,1.38,18.27,0.9
NUE,2010.3,43.13,0.58,1.17,59.16,0.79
NUE,2010.2,58.29,0.62,1.16,0,0.7
NUE,2010.1,0,0.83,1.35,11.93,0.71
NUE,2009.4,0,0.92,1.36,13.02,0.66
NUE,2009.3,0,0.82,1.36,6.18,0.67
NUE,2009.2,19.01,0.58,1.26,6.07,0.61
NUE,2009.1,6.58,0.38,1.05,8.64,0.6
NUE,2008.4,5.25,0.4,1.2,6.41,0.68
NUE,2008.3,3.86,0.34,1.03,9.44,0.88
NUE,2008.2,8.47,0.71,2,12.15,0.89
NUE,2008.1,8.82,0.75,2.39,9.49,1.09
NUE,2007.4,7.89,0.7,2.2,8.18,0.92
NUE,2007.3,7.7,0.75,2.29,7.67,0.7
NUE,2007.2,6.98,0.76,2.19,7.02,0.63
NUE,2007.1,7.26,0.86,2.45,6.76,0.65
NUE,2006.4,6.09,0.73,2.15,5.59,0.63
NUE,2006.3,NA,NA,2.01,NA,0.69
NUE,2006.2,NA,NA,2.23,NA,0.67
NUE,2006.1,NA,NA,2.19,NA,0.64
NUE,2005.4,NA,NA,NA,NA,0.67
NUE,2005.3,NA,NA,NA,NA,0.7
NUE,2005.2,NA,NA,NA,NA,0.68
NUE,2005.1,NA,NA,NA,NA,0.75
OSN,2020.4,26.22,0.29,0.27,0,NA
OSN,2020.2,15.61,0.17,NA,NA,0.39
OSN,2017.4,16,0.14,0.17,0,0.33
OSN,2017.3,5.19,0.09,0.1,1.12,0.31
OSN,2017.2,5.64,0.13,0.14,1.48,0.31
OSN,2017.1,8.99,0.12,0.13,0.85,0.38
OSN,2016.4,7.1,0.12,0.13,0.88,0.37
OSN,2016.3,10.95,0.14,0.15,1.98,0.41
OSN,2016.2,3.72,0.13,0.15,1.03,0.42
OSN,2016.1,2.95,0.13,0.15,1.97,0.51
OSN,2015.4,2.62,0.13,0.14,1.22,0.48
OSN,2015.3,2.82,0.17,0,2.83,0.56
OSN,2015.2,4.89,0.17,0,0,0.58
OSN,2015.1,3.4,0.11,0,2.11,0.54
OSN,2014.4,4.56,0.13,0.16,9.53,0.65
OSN,2014.3,6.94,0.18,0,3.09,0.72
OSN,2014.2,4.29,0.14,0,1.26,0.55
OSN,2014.1,5.74,0.18,0,2.91,0.8
OSN,2013.4,6.61,0.21,0,1.31,0.85
OSN,2013.3,3.32,0.13,0,0.57,0.85
OSN,2013.2,4.6,0.13,0,0.71,1.04
OSN,2013.1,7.08,0.15,0,30.14,0.89
OSN,2012.4,6.23,0.13,0,0,1.02
OSN,2012.3,16.67,0.16,0,0,1.05
OSN,2012.2,8.42,0.18,0,0,1.03
OSN,2012.1,4.1,0.22,0,0,0.89
OSN,2011.4,1.44,0.14,0,0,0.89
OSN,2011.3,2.6,0.32,0,0,0.91
OSN,2011.2,NA,NA,0,NA,0.86
OSN,2011.1,NA,NA,0,NA,0
OSN,2010.4,NA,NA,0,NA,0.94
OSN,2009.4,NA,NA,NA,NA,3.25
PKX,2020.4,49.45,0.45,0.57,4.99,NA
PKX,2020.3,33.22,0.3,0.38,3.35,0.72
PKX,2020.2,15.44,0.26,0.34,3.88,0.73
PKX,2020.1,8.26,0.21,0.3,3.95,0.74
PKX,2019.4,10.06,0.31,0.45,5.62,0.66
PKX,2019.3,19.52,0.25,0.38,5.33,0.65
PKX,2019.2,12.43,0.27,0.38,4.31,0.65
PKX,2019.1,13.06,0.28,0.43,5.03,0.69
PKX,2018.4,10.93,0.28,0.39,4.76,0.69
PKX,2018.3,8.46,0.34,0.45,0,0.69
PKX,2018.2,10.07,0.39,0.55,5.79,0.68
PKX,2018.1,10.9,0.42,0.58,6.13,0.68
PKX,2017.4,11.66,0.42,0.53,7.52,0.69
PKX,2017.3,9.59,0.33,0.51,1.4,0.68
PKX,2017.2,10.04,0.34,0.46,14.58,0.7
PKX,2017.1,11.55,0.36,0.48,9.09,0.7
PKX,2016.4,12.86,0.31,0.36,5.53,0.75
PKX,2016.3,62.25,0.3,0.39,3.38,0.17
PKX,2016.2,0,0.26,0.33,3.8,0.76
PKX,2016.1,0,0.27,0.39,2.53,0.77
PKX,2015.4,0,0.18,0.24,2.11,0.78
PKX,2015.3,0,0.19,0.26,2.52,0.22
PKX,2015.2,25.85,0.22,0,2.69,0.87
PKX,2015.1,16.41,0.27,0,8.93,0.9
PKX,2014.4,26.55,0.32,0,0,0.9
PKX,2014.3,18.41,0.38,0,0,0.87
PKX,2014.2,14.26,0.4,0,0,0.87
PKX,2014.1,17.14,0.32,0,0,0.9
PKX,2013.4,16.11,0.36,0,0,0.84
PKX,2013.3,12.14,0.34,0,0,0.83
PKX,2013.2,9.75,0.3,0,0,0.91
PKX,2013.1,9.72,0.33,0,0,0.93
PKX,2012.4,9.35,0.36,0,42.59,0.87
PKX,2012.3,7.77,0.34,0,0,0.89
PKX,2012.2,9.28,0.33,0,0,0.92
PKX,2012.1,7.04,0.33,0,0,0.92
PKX,2011.4,6.05,0.33,0,0,0.93
PKX,2011.3,6.4,0.23,0,0,0.94
PKX,2011.2,7.49,0.37,0,0,0.86
PKX,2011.1,8.38,0.44,0,0,0.83
PKX,2010.4,7.05,0.47,0,0,0.83
PKX,2010.3,6.18,0.75,0,25.29,0.35
PKX,2010.2,4.96,0.65,0,10.33,0.35
PKX,2010.1,7.18,0.85,0,9.39,0.29
PKX,2009.4,11.42,1.01,0,12.59,0.59
PKX,2009.3,12.53,1.15,0,0,0.3
PKX,2009.2,19.99,0.36,0,0,0.33
PKX,2009.1,7.26,0.27,0,0,0.35
PKX,2008.4,5.9,0.3,0,0,0.66
PKX,2008.3,8.31,0.19,0,3.44,0.31
PKX,2008.2,4.84,0.31,0,3.55,0.26
PKX,2008.1,2.97,0.24,0,4.09,0.24
PKX,2007.4,2.85,0.27,0,3.34,0.48
PKX,2007.3,3.12,0.54,0,4.49,0.24
PKX,2007.2,2.63,0.46,0,8.08,0.46
PKX,2007.1,4.03,0.67,0,4.6,0.24
PKX,2006.4,9.56,1.46,0,28.7,0.42
PKX,2006.3,NA,NA,0,NA,0.22
PKX,2006.2,NA,NA,0,NA,0.41
PKX,2006.1,NA,NA,0,NA,0.38
PKX,2005.4,NA,NA,NA,NA,0.41
PKX,2005.3,NA,NA,NA,NA,0.22
PKX,2005.2,NA,NA,NA,NA,0.26
PKX,2005.1,NA,NA,NA,NA,0.31
RS,2020.4,19.6,0.87,1.51,7.12,NA
RS,2020.3,16.61,0.74,1.28,6.03,0.59
RS,2020.2,13.41,0.65,1.2,4.88,0.56
RS,2020.1,10.19,0.55,1.12,5.22,0.65
RS,2019.4,11.31,0.72,1.54,7.43,0.56
RS,2019.3,10.62,0.59,1.27,5.84,0.6
RS,2019.2,10.51,0.55,1.24,8.14,0.68
RS,2019.1,9.45,0.53,1.21,11.46,0.76
RS,2018.4,7.83,0.43,0.97,10.89,0.72
RS,2018.3,7.02,0.54,1.15,23.69,0.66
RS,2018.2,7.63,0.58,1.2,18.99,0.68
RS,2018.1,8.87,0.59,1.22,20.39,0.7
RS,2017.4,9.65,0.61,1.24,22.31,0.65
RS,2017.3,13.96,0.55,1.16,17.77,0.77
RS,2017.2,15.18,0.54,1.13,17.01,0.8
RS,2017.1,16.65,0.61,1.25,17.69,0.81
RS,2016.4,17.45,0.62,1.27,11.07,0.77
RS,2016.3,15.35,0.56,1.15,8.99,0.83
RS,2016.2,16.26,0.59,1.22,8.53,0.85
RS,2016.1,15.19,0.52,1.11,5.49,0.86
RS,2015.4,12.54,0.42,0.94,4.51,0.81
RS,2015.3,10.98,0.37,0.88,5.07,0.89
RS,2015.2,10.91,0.4,0.98,7.66,0.89
RS,2015.1,10.91,0.4,1,15.77,0.97
RS,2014.4,11.3,0.4,1,25.33,0.9
RS,2014.3,13.68,0.46,1.12,33.41,0.95
RS,2014.2,14.64,0.5,1.22,17.04,0.9
RS,2014.1,14.53,0.48,1.19,9.99,0.92
RS,2013.4,15.6,0.54,1.29,10.53,0.89
RS,2013.3,14.08,0.55,1.26,7.35,0.96
RS,2013.2,12.32,0.5,1.15,6.32,1.04
RS,2013.1,12.25,0.56,1.26,8.42,0.64
RS,2012.4,9.66,0.46,1.1,9.86,0.64
RS,2012.3,8.34,0.38,0.94,10.46,0.73
RS,2012.2,8.28,0.36,0.93,18.43,0.79
RS,2012.1,9.48,0.41,1.06,27.46,0.81
RS,2011.4,8.7,0.37,0.95,34.2,0.78
RS,2011.3,6.61,0.27,0.67,55.57,0.85
RS,2011.2,10.86,0.42,1,81.61,0.72
RS,2011.1,14.47,0.52,1.2,73.36,0.74
RS,2010.4,15.85,0.49,1.09,29.1,0.65
RS,2010.3,10.08,0.41,0.9,23.54,0.73
RS,2010.2,8.96,0.39,0.79,13.68,0.7
RS,2010.1,16.92,0.56,1.1,5.87,0.72
RS,2009.4,17.25,0.48,0.98,2.92,0.65
RS,2009.3,20.52,0.4,1,1.98,0.78
RS,2009.2,9.7,0.3,0.92,2.02,0.86
RS,2009.1,3.91,0.18,0.63,2.07,0.97
RS,2008.4,2.41,0.13,0.48,2.19,1.13
RS,2008.3,4.46,0.27,0.91,9.58,1.53
RS,2008.2,10.35,0.6,1.96,9.87,0.98
RS,2008.1,8.82,0.49,1.63,6.34,0.99
RS,2007.4,7.97,0.45,1.51,6.22,0.89
RS,2007.3,8.43,0.47,1.63,7.38,1.05
RS,2007.2,8.08,0.48,1.67,9.95,1.08
RS,2007.1,5.81,0.43,1.54,24.69,1.19
RS,2006.4,5.02,0.39,1.33,26.35,1.07
RS,2006.3,NA,NA,1.13,NA,1.23
RS,2006.2,NA,NA,1.55,NA,1.21
RS,2006.1,NA,NA,2.19,NA,0.75
RS,2005.4,NA,NA,NA,NA,0.72
RS,2005.3,NA,NA,NA,NA,0.79
RS,2005.2,NA,NA,NA,NA,0.76
RS,2005.1,NA,NA,NA,NA,0.88
SCHN,2020.4,0,0.52,1.27,19.86,NA
SCHN,2020.3,0,0.32,0.78,12.18,0.81
SCHN,2020.2,140.09,0.24,0.62,9.49,1.19
SCHN,2020.1,18.81,0.23,0.63,8.99,0.75
SCHN,2019.4,17.67,0.29,0.82,7.53,0.69
SCHN,2019.3,10.53,0.28,0.8,11.42,0.66
SCHN,2019.2,5.41,0.25,0.77,7.31,0.58
SCHN,2019.1,5.13,0.27,0.89,6.44,0.6
SCHN,2018.4,4.83,0.3,1.04,10.1,0.64
SCHN,2018.3,4.45,0.29,0.97,8.47,0.65
SCHN,2018.2,7.12,0.37,1.24,18.79,0.74
SCHN,2018.1,9.39,0.44,1.43,25.36,0.79
SCHN,2017.4,11.6,0.4,1.3,24.77,0.79
SCHN,2017.3,15.22,0.4,1.22,12.28,0.74
SCHN,2017.2,11.26,0.3,0.9,8.61,0.78
SCHN,2017.1,15.82,0.4,1.13,31.9,0.83
SCHN,2016.4,0,0.49,1.34,23.28,0.78
SCHN,2016.3,0,0.33,0.87,6.88,0.78
SCHN,2016.2,0,0.27,0.76,4.36,0.79
SCHN,2016.1,0,0.22,0.7,2.33,0.79
SCHN,2015.4,0,0.22,0.71,2.21,0.72
SCHN,2015.3,0,0.2,0.72,3.46,0.79
SCHN,2015.2,0,0.19,0.74,3.47,0.88
SCHN,2015.1,0,0.15,0.63,4.51,0.96
SCHN,2014.4,49.58,0.2,0.65,7.69,0.74
SCHN,2014.3,96.1,0.23,0.76,5.84,0.75
SCHN,2014.2,0,0.21,0.68,9.31,0.8
SCHN,2014.1,0,0.21,0.69,8.26,0.81
SCHN,2013.4,0,0.25,0.82,13.63,0.8
SCHN,2013.3,0,0.2,0.67,0,0.8
SCHN,2013.2,70.57,0.19,0.47,28.31,0.67
SCHN,2013.1,34.24,0.21,0.54,8.18,0.68
SCHN,2012.4,32.03,0.19,0.52,3.15,0.63
SCHN,2012.3,21.31,0.17,0.51,3.46,0.62
SCHN,2012.2,8.48,0.15,0.48,3.05,0.64
SCHN,2012.1,10.92,0.25,0.82,15.8,0.68
SCHN,2011.4,9.02,0.27,0.86,0,0.75
SCHN,2011.3,8.04,0.27,0.84,26.77,0.72
SCHN,2011.2,12.46,0.41,1.13,0,0.76
SCHN,2011.1,12.64,0.49,1.27,303.67,0.6
SCHN,2010.4,12.86,0.46,1.17,14.93,0.42
SCHN,2010.3,13.92,0.4,0.92,36.89,0.37
SCHN,2010.2,17.67,0.48,1.06,24.03,0.38
SCHN,2010.1,53.99,0.51,1.01,9.49,0.36
SCHN,2009.4,0,0.55,1.01,11.87,0.42
SCHN,2009.3,0,0.63,1.21,4.95,0.37
SCHN,2009.2,14.14,0.47,1.22,4.06,0.37
SCHN,2009.1,4.21,0.2,0.64,4.38,0.39
SCHN,2008.4,3.06,0.17,0.6,3.69,0.35
SCHN,2008.3,5.9,0.42,1.45,25.54,0.59
SCHN,2008.2,13.48,0.71,2.4,47.35,0.67
SCHN,2008.1,10.03,0.51,1.7,10.68,0.54
SCHN,2007.4,10.23,0.52,1.69,14.59,0.59
SCHN,2007.3,9.93,0.51,1.62,13.39,0.51
SCHN,2007.2,8.54,0.5,1.53,34.17,0.53
SCHN,2007.1,6.6,0.38,1.13,1667.33,0.53
SCHN,2006.4,7.64,0.46,1.24,0,0.46
SCHN,2006.3,NA,NA,0.99,NA,0.42
SCHN,2006.2,NA,NA,1.2,NA,0.41
SCHN,2006.1,NA,NA,1.09,NA,0.39
SCHN,2005.4,NA,NA,NA,NA,0.47
SCHN,2005.3,NA,NA,NA,NA,0.22
SCHN,2005.2,NA,NA,NA,NA,0.25
SCHN,2005.1,NA,NA,NA,NA,0.32
SID,2020.4,28.33,1.48,6.99,7.94,NA
SID,2020.3,14,0.73,3.46,3.93,7.99
SID,2020.2,0,0.5,2.67,4.1,9.06
SID,2020.1,8.72,0.3,1.49,3.3,8.75
SID,2019.4,9.57,0.74,1.66,7.06,3.48
SID,2019.3,6.58,0.68,1.73,10.03,4.07
SID,2019.2,5.47,0.9,1.85,11.26,3.18
SID,2019.1,5.82,0.88,2.05,13.75,3.87
SID,2018.4,3.1,0.47,1.08,12.05,3.73
SID,2018.3,6.02,0.49,1.39,0,4.29
SID,2018.2,7.66,0.41,1.11,42.45,4.62
SID,2018.1,0,0.55,1.31,0,4.45
SID,2017.4,0,0.53,1.19,0,4.46
SID,2017.3,0,0.67,1.48,0,4.51
SID,2017.2,0,0.5,1.24,0,5.23
SID,2017.1,0,0.69,1.51,0,4.71
SID,2016.4,0,0.82,1.93,0,4.98
SID,2016.3,10.05,0.76,1.23,2.74,3.93
SID,2016.2,13.93,0.72,1.25,2.57,4.11
SID,2016.1,89.63,0.62,1.16,9.25,4.52
SID,2015.4,3.29,0.28,0,1.17,4.57
SID,2015.3,0,0.26,0,0,13.41
SID,2015.2,0,0.42,0,0,8.61
SID,2015.1,30.57,0.39,0,32.73,7.31
SID,2014.4,0,0.41,0,0,7.68
SID,2014.3,0,0.61,0,0,7.4
SID,2014.2,90.08,0.7,0,0,6.56
SID,2014.1,19.41,0.7,0,17.32,5.9
SID,2013.4,28.19,0.99,0,0,5.25
SID,2013.3,7.92,0.65,0,10.8,5.11
SID,2013.2,6.32,0.4,0,5.62,5.45
SID,2013.1,0,0.59,0,0,5.45
SID,2012.4,0,0.73,0,35.58,4.47
SID,2012.3,68.58,0.69,0,0,4.85
SID,2012.2,9.42,0.67,0,0,5.03
SID,2012.1,5.15,0.99,0,0,4.56
SID,2011.4,3.99,0.88,0,0,4.57
SID,2011.3,4.26,0.95,0,0,4.17
SID,2011.2,7.63,1.54,0,0,4.36
SID,2011.1,11.13,2.09,0,0,3.77
SID,2010.4,11.26,2.03,0,0,3.83
SID,2010.3,8.7,1.6,0,0,3.75
SID,2010.2,4.98,1.13,0,153.44,3.67
SID,2010.1,6.92,1.35,0,0,4.04
SID,2009.4,5.47,1.05,0,0,4.21
SID,2009.3,3.95,1.23,0,0,3.68
SID,2009.2,4.48,1.06,0,0,2.99
SID,2009.1,2.63,0.57,0,10.92,3.59
SID,2008.4,2.06,0.48,0,4.97,3.73
SID,2008.3,5.09,0.58,0,3.4,2.25
SID,2008.2,6.82,1.01,0,3.12,1.93
SID,2008.1,4.26,0.86,0,5.14,2.17
SID,2007.4,2.99,0.66,0,3.69,2.59
SID,2007.3,2.83,0.74,0,7.34,1.9
SID,2007.2,2.48,0.64,0,60.79,2.09
SID,2007.1,2.83,0.61,0,11.95,2.8
SID,2006.4,2.81,0.47,0,0,7.16
SID,2006.3,NA,NA,0,NA,2.76
SID,2006.2,NA,NA,0,NA,2.78
SID,2006.1,NA,NA,0,NA,2.56
SID,2005.4,NA,NA,NA,NA,6.09
SID,2005.3,NA,NA,NA,NA,2.31
SID,2005.2,NA,NA,NA,NA,2.36
SID,2005.1,NA,NA,NA,NA,2.73
SIM,2020.4,0,2.3,1.35,0,NA
SIM,2020.3,0,1.26,0.74,0,0.38
SIM,2020.2,0,0.73,0.71,41.78,0.44
SIM,2019.4,0,0.82,0.88,0,0.35
SIM,2019.3,7.36,0.75,0.74,15.09,0.39
SIM,2019.2,6.65,0.64,0.64,6.54,0.4
SIM,2019.1,6.29,0.71,0.71,12.34,0.33
SIM,2018.3,7.27,0.76,0.71,21.98,0.41
SIM,2018.2,36.53,0.86,0.77,25.74,0.38
SIM,2017.3,454.66,1.09,0.8,0,0.29
SIM,2017.2,25,1.14,0.88,0,0.27
SIM,2016.4,70.6,1.57,1.18,117.13,0.25
SIM,2016.3,13.44,2.04,0.77,0,0.25
SIM,2016.2,13.26,2.27,0.59,0,0.21
SIM,2016.1,144.32,1.11,0.69,0,0.24
SIM,2015.4,26.89,0.82,0.62,0,0.28
SIM,2015.3,18.14,0.56,0.6,163.68,0.26
SIM,2015.2,11.35,0.53,0.28,19.52,0.28
SIM,2015.1,10.15,0.61,0.64,0,0.28
SIM,2014.4,12.68,0.72,0,0,0.29
SIM,2014.3,19.06,0.99,0,0,0.3
SIM,2014.2,19,1.07,0,0,0.29
SIM,2014.1,14.06,0.89,0,0,0.28
SIM,2013.4,15.08,0.95,0,0,0.26
SIM,2013.3,15.53,0.89,0,72.9,0.26
SIM,2013.2,17.05,0.98,0,241.12,0.26
SIM,2013.1,13.84,0.98,0,18.54,0.27
SIM,2012.4,11.51,0.93,0,12.84,0.27
SIM,2012.3,4.67,0.55,0,4.35,0.27
SIM,2012.2,3.03,0.34,0,2.12,0.28
SIM,2012.1,3.01,0.3,0,51.69,0.29
SIM,2011.4,2.05,0.19,0,1.59,0.3
SIM,2011.3,2.72,0.2,0,2.4,0.33
SIM,2011.2,5.1,0.31,0,6.68,0.31
SIM,2011.1,7.31,0.43,0,1.56,0.33
SIM,2010.4,6.86,0.44,0,8.03,0.31
SIM,2010.3,4.41,0.03,0,0.15,0.45
SIM,2010.2,4.16,0.02,0,0.16,0.47
SIM,2010.1,4.38,0.03,0,0.18,0.51
SIM,2009.4,3.98,0.03,0,0.17,0.56
SIM,2009.3,5.55,0.21,0,5.88,0.38
SIM,2009.2,4.66,0.19,0,2.06,0.41
SIM,2009.1,1.95,0.16,0,3.02,0.44
SIM,2008.4,2.18,0.17,0,6.14,0.7
SIM,2008.3,3.89,0.33,0,21.48,0.74
SIM,2008.2,5.24,0.4,0,11.25,0.72
SIM,2008.1,5.38,0.37,0,26.92,0
SIM,2007.4,NA,NA,0,NA,0.54
SIM,2007.3,NA,NA,0,NA,0
SIM,2006.4,NA,NA,0,NA,0.69
SIM,2005.4,NA,NA,NA,NA,0.87
SIM,2005.3,NA,NA,NA,NA,0.49
SIM,2005.1,NA,NA,NA,NA,0.33
STLD,2020.4,16.24,0.85,1.92,33.98,NA
STLD,2020.3,12.53,0.65,1.48,26.2,1.13
STLD,2020.2,10.32,0.58,1.36,7.86,1.12
STLD,2020.1,7.33,0.47,1.17,5.97,1.11
STLD,2019.4,10.83,0.7,1.8,7.67,1.11
STLD,2019.3,7.84,0.58,1.58,5.72,1.04
STLD,2019.2,6.18,0.56,1.61,5.59,1.01
STLD,2019.1,6.27,0.64,1.92,6.61,1.04
STLD,2018.4,5.25,0.56,1.68,5.62,1.04
STLD,2018.3,7.7,0.89,2.53,11.03,1.01
STLD,2018.2,9.65,0.97,2.79,13.83,1.09
STLD,2018.1,11.62,1,2.91,19.43,1.11
STLD,2017.4,11.75,1.01,2.94,16.67,1.15
STLD,2017.3,14.53,0.84,2.53,13.8,1.36
STLD,2017.2,15.03,0.91,2.67,15.7,1.28
STLD,2017.1,14.87,0.92,2.65,13.11,1.33
STLD,2016.4,20.59,1.01,2.82,12.04,1.31
STLD,2016.3,51.08,0.74,1.94,6.5,1.4
STLD,2016.2,438.29,0.73,1.98,6.35,1.46
STLD,2016.1,0,0.67,1.89,4.85,1.48
STLD,2015.4,0,0.51,1.51,4.07,1.44
STLD,2015.3,47.08,0.43,1.29,3.97,1.42
STLD,2015.2,40.04,0.49,1.56,4.31,1.44
STLD,2015.1,27.58,0.47,1.5,5.47,1.41
STLD,2014.4,25.29,0.47,1.46,7.94,1.59
STLD,2014.3,17.54,0.57,1.59,19.33,1.6
STLD,2014.2,15.71,0.48,1.29,24.21,1.11
STLD,2014.1,19,0.48,1.33,40.1,1.35
STLD,2013.4,19.73,0.52,1.46,31.23,1.38
STLD,2013.3,16.21,0.45,1.26,14.13,1.4
STLD,2013.2,18.43,0.4,1.13,17.59,1.38
STLD,2013.1,17.63,0.43,1.19,13.38,1.48
STLD,2012.4,15.35,0.36,1.03,11.94,1.45
STLD,2012.3,15.18,0.28,0.85,20.47,1.47
STLD,2012.2,12.89,0.29,0.88,9.88,1.54
STLD,2012.1,12.06,0.34,1.09,8.81,1.59
STLD,2011.4,8.52,0.31,0.99,7.68,1.6
STLD,2011.3,6.95,0.24,0.75,7.32,1.63
STLD,2011.2,12.38,0.41,1.22,22.63,1.61
STLD,2011.1,17.89,0.5,1.46,0,1.68
STLD,2010.4,21.96,0.52,1.47,91.87,1.69
STLD,2010.3,14.99,0.41,1.11,62.64,1.67
STLD,2010.2,10.79,0.41,1.04,0,1.64
STLD,2010.1,20.99,0.61,1.39,0,1.71
STLD,2009.4,0,0.68,1.44,23.21,1.56
STLD,2009.3,0,0.58,1.25,4.74,1.57
STLD,2009.2,0,0.4,1.23,5.02,1.54
STLD,2009.1,5.95,0.18,0.78,3.26,2.2
STLD,2008.4,3.58,0.2,0.92,4.47,2.22
STLD,2008.3,3.83,0.3,1.31,0,2.48
STLD,2008.2,10.11,0.81,2.82,36.39,2.04
STLD,2008.1,10.73,0.86,2.79,94.33,1.98
STLD,2007.4,10.68,0.96,2.67,183.63,1.96
STLD,2007.3,8.29,0.89,2.71,20.94,1.87
STLD,2007.2,7.37,0.88,2.33,29.89,1.18
STLD,2007.1,7.68,0.96,2.38,13.26,0.91
STLD,2006.4,6.13,0.76,1.82,8.84,0.83
STLD,2006.3,NA,NA,1.45,NA,0.88
STLD,2006.2,NA,NA,1.91,NA,0.77
STLD,2006.1,NA,NA,1.8,NA,0.94
STLD,2005.4,NA,NA,NA,NA,1
STLD,2005.3,NA,NA,NA,NA,1.08
STLD,2005.2,NA,NA,NA,NA,1.22
STLD,2005.1,NA,NA,NA,NA,1.07
SYNL,2020.4,0,0.26,0.81,5.72,NA
SYNL,2020.3,0,0.19,0.57,4.05,1.55
SYNL,2020.2,0,0.24,0.69,6.16,1.56
SYNL,2020.1,0,0.27,0.76,4.38,1.51
SYNL,2019.4,0,0.38,1.1,4.77,1.42
SYNL,2019.3,0,0.46,1.34,27.5,1.54
SYNL,2019.2,31.88,0.44,1.31,0,1.63
SYNL,2019.1,16.34,0.44,1.28,0,1.69
SYNL,2018.4,11.29,0.52,1.44,0,1.23
SYNL,2018.3,14.8,0.76,1.96,0,1.36
SYNL,2018.2,23.96,0.73,1.77,0,1.07
SYNL,2018.1,28.19,0.58,1.34,0,0.88
SYNL,2017.4,87.98,0.57,1.28,0,0.78
SYNL,2017.3,0,0.59,1.19,0,0.81
SYNL,2017.2,0,0.6,1.06,7.75,0.95
SYNL,2017.1,0,0.72,1.16,6.66,0.84
SYNL,2016.4,0,0.67,1.05,4.47,0.57
SYNL,2016.3,0,0.57,0.89,3.15,0.41
SYNL,2016.2,0,0.45,0.7,8.58,0.6
SYNL,2016.1,0,0.42,0.71,4.3,0.59
SYNL,2015.4,0,0.33,0.61,10.37,0.57
SYNL,2015.3,7.79,0.39,0.63,33.6,0.51
SYNL,2015.2,12.02,0.56,0.97,8.41,0.56
SYNL,2015.1,16.11,0.59,1.04,52.52,0.69
SYNL,2014.4,26.67,0.72,1.32,6.92,0.72
SYNL,2014.3,320.7,0.71,1.27,13.58,0.52
SYNL,2014.2,108.08,0.61,1.21,0,0.58
SYNL,2014.1,33.93,0.49,1.07,0,0.61
SYNL,2013.4,33.7,0.47,1.16,0,0.54
SYNL,2013.3,16.33,0.52,1.23,0,1.18
SYNL,2013.2,17.39,0.49,1.19,0,1.13
SYNL,2013.1,18.67,0.46,1.1,0,1.08
SYNL,2012.4,19.67,0.5,1.15,0,1.07
SYNL,2012.3,18.34,0.42,1.08,0,1.05
SYNL,2012.2,16.1,0.36,0.9,0,0.48
SYNL,2012.1,16.03,0.43,1.06,0,0.49
SYNL,2011.4,10.05,0.34,0.84,0,0.44
SYNL,2011.3,9.75,0.36,0.88,0,0.45
SYNL,2011.2,10.62,0.46,1.09,0,0.42
SYNL,2011.1,11.07,0.45,1.06,0,0.53
SYNL,2010.4,15.49,0.44,1.04,0,0.27
SYNL,2010.3,17.99,0.33,0.71,0,0.35
SYNL,2010.2,28.45,0.36,0.72,0,0.32
SYNL,2010.1,137.51,0.4,0.7,10.21,0.27
SYNL,2009.4,386.59,0.47,0.77,2.49,0.25
SYNL,2009.3,0,0.48,0.78,2.19,0.2
SYNL,2009.2,56.77,0.37,0.68,3.72,0.18
SYNL,2009.1,6.25,0.18,0.43,2.25,0.38
SYNL,2008.4,4.02,0.15,0.38,8.41,0.51
SYNL,2008.3,8.93,0.43,1.07,8.36,0.71
SYNL,2008.2,8.98,0.46,1.25,6.63,0.66
SYNL,2008.1,7.29,0.38,1.04,0,0.75
SYNL,2007.4,8.48,0.55,1.45,9.49,0.66
SYNL,2007.3,8.76,0.58,1.82,0,0.76
SYNL,2007.2,14.27,1.03,3.14,0,0.74
SYNL,2007.1,13.19,0.86,2.67,0,0.72
SYNL,2006.4,11.92,0.6,1.89,0,0.9
SYNL,2006.3,NA,NA,1.56,NA,0.8
SYNL,2006.2,NA,NA,1.5,NA,0.76
SYNL,2006.1,NA,NA,1.8,NA,0.82
SYNL,2005.4,NA,NA,NA,NA,0.81
SYNL,2005.3,NA,NA,NA,NA,0.88
SYNL,2005.2,NA,NA,NA,NA,0.75
SYNL,2005.1,NA,NA,NA,NA,0.89
TMST,2020.4,0,0.25,0.41,1.42,NA
TMST,2020.3,0,0.19,0.31,1.08,0.91
TMST,2020.2,0,0.19,0.33,1.24,0.91
TMST,2020.1,0,0.13,0.27,1.04,0.97
TMST,2019.4,0,0.29,0.63,10.9,0.93
TMST,2019.3,0,0.2,0.47,10.55,0.85
TMST,2019.2,0,0.24,0.6,0,0.94
TMST,2019.1,0,0.31,0.9,0,1.23
TMST,2018.4,0,0.24,0.64,0,1.08
TMST,2018.3,0,0.43,1.15,0,1.1
TMST,2018.2,0,0.49,1.28,0,1.17
TMST,2018.1,0,0.48,1.2,0,1.16
TMST,2017.4,0,0.51,1.2,0,1.06
TMST,2017.3,0,0.61,1.24,0,0.95
TMST,2017.2,0,0.63,1.14,0,0.92
TMST,2017.1,0,0.87,1.41,0,0.91
TMST,2016.4,0,0.79,1.15,21.58,0.79
TMST,2016.3,0,0.54,0.7,9.78,0.63
TMST,2016.2,0,0.48,0.62,12.38,0.62
TMST,2016.1,0,0.43,0.59,9.19,0.66
TMST,2015.4,0,0.34,0.54,12.73,0.68
TMST,2015.3,0,0.35,0.65,0,0.72
TMST,2015.2,49.52,0.81,1.64,403.93,0.68
TMST,2015.1,15.36,0.72,1.56,0,0.76
TMST,2014.4,NA,NA,2.18,NA,0.82
TMST,2014.3,NA,NA,2.51,NA,0.69
TMST,2014.2,NA,NA,2.14,NA,0.66
TMST,2014.1,NA,NA,NA,NA,0.37
TMST,2013.4,NA,NA,NA,NA,0.35
TMST,2013.3,NA,NA,NA,NA,0
TMST,2013.2,NA,NA,NA,NA,0
TMST,2013.1,NA,NA,NA,NA,0
TMST,2012.4,NA,NA,NA,NA,0.37
TMST,2011.4,NA,NA,NA,NA,0
TX,2020.4,23.45,0.68,0.73,5.42,NA
TX,2020.3,15.19,0.44,0.48,3.51,0.57
TX,2020.2,15.48,0.34,0.39,3.26,0.63
TX,2020.1,6.55,0.22,0.29,4.19,0.71
TX,2019.4,7.14,0.39,0.52,6.7,0.68
TX,2019.3,4.13,0.33,0.46,3.9,0.71
TX,2019.2,3.29,0.37,0.52,4.14,0.75
TX,2019.1,3.39,0.41,0,3.38,0.71
TX,2018.4,3.05,0.41,0.63,3.85,0.68
TX,2018.3,3.83,0.45,0,7.07,0.82
TX,2018.2,5.61,0.54,0,11.02,0.97
TX,2018.1,5.53,0.53,0,86.27,1
TX,2017.4,6.02,0.55,0.91,0,1.07
TX,2017.3,6.34,0.59,0,21.06,0.99
TX,2017.2,5.52,0.58,0,21.71,0.64
TX,2017.1,5.55,0.55,0,8.01,0.64
TX,2016.4,6.57,0.54,0.77,5.87,0.61
TX,2016.3,9.04,0.44,0,4.73,0.64
TX,2016.2,20.95,0.42,0,4.46,0.69
TX,2016.1,78.49,0.38,0,3.69,0.68
TX,2015.4,0,0.24,0.41,2.25,0.68
TX,2015.3,22.46,0.23,0,2.47,0.69
TX,2015.2,15.63,0.32,0,3.24,0.72
TX,2015.1,10.3,0.31,0,6.23,0.66
TX,2014.4,5.77,0.3,0,42.27,0.72
TX,2014.3,6.88,0.41,0,67.21,0.72
TX,2014.2,8.21,0.48,0,0,0.66
TX,2014.1,8.96,0.5,0,0,0.65
TX,2013.4,9.89,0.53,0,21.35,0.64
TX,2013.3,45.15,0.41,0,39.71,0.64
TX,2013.2,32.53,0.38,0,70.69,0.67
TX,2013.1,26.39,0.33,0,52.85,0.65
TX,2012.4,23.99,0.39,0,95.48,0.67
TX,2012.3,5.55,0.34,0,8.38,0.63
TX,2012.2,7.23,0.33,0,9.76,0.69
TX,2012.1,6.87,0.38,0,340.11,0.65
TX,2011.4,4.89,0.3,0,68.82,0.57
TX,2011.3,5.85,0.35,0,0,0.59
TX,2011.2,6.4,0.55,0,0,0.6
TX,2011.1,7.57,0.71,0,20.54,0.58
TX,2010.4,8.97,0.92,0,16.04,0.58
TX,2010.3,6.12,0.75,0,16.81,0.61
TX,2010.2,6.79,0.8,0,10.33,0.63
TX,2010.1,5.25,1.08,0,6.95,0.9
TX,2009.4,6.41,1.09,0,5.92,0.64
TX,2009.3,15.39,0.73,0,4.73,0.99
TX,2009.2,6.43,0.39,0,2.13,1.08
TX,2009.1,4.44,0.13,0,3.79,1.25
TX,2008.4,1.56,0.13,0,0,0.92
TX,2008.3,1.88,0.28,0,27.16,1.25
TX,2008.2,4.68,0.69,0,0,1.32
TX,2008.1,4.62,0.65,0,10.01,1.7
TX,2007.4,6.48,0.78,0,5.86,1.16
TX,2007.3,6.3,0.8,0,10.16,1.24
TX,2007.2,5.27,0.86,0,16,1.16
TX,2007.1,4.8,0.79,0,7.43,1.3
TX,2006.4,7.32,1.32,0,43.11,0.6
TX,2006.3,NA,NA,0,NA,1.5
TX,2006.2,NA,NA,0,NA,1.68
TX,2006.1,NA,NA,0,NA,1.82
TX,2005.4,NA,NA,NA,NA,1.42
USAP,2020.4,0,0.32,0.28,13.97,NA
USAP,2020.3,0,0.24,0.21,10.26,0.38
USAP,2020.2,0,0.34,0.32,0,0.45
USAP,2020.1,40.58,0.28,0.29,0,0.52
USAP,2019.4,30.41,0.54,0.54,0,0.52
USAP,2019.3,28.89,0.56,0.56,0,0.49
USAP,2019.2,17.98,0.54,0.58,0,0.51
USAP,2019.1,14.41,0.56,0.61,0,0.53
USAP,2018.4,12.57,0.52,0.6,110.12,0.49
USAP,2018.3,11.19,0.81,0.94,0,0.49
USAP,2018.2,13.15,0.77,0.89,0,0.5
USAP,2018.1,18.71,0.93,1.03,0,0.75
USAP,2017.4,21,0.77,0.81,0,0.68
USAP,2017.3,0,0.81,0.82,0,0.71
USAP,2017.2,0,0.81,0.8,0,0.7
USAP,2017.1,0,0.75,0.68,64.52,0.68
USAP,2016.4,0,0.63,0.54,17.35,0.63
USAP,2016.3,0,0.49,0.41,6.04,0.62
USAP,2016.2,0,0.5,0.43,3.49,0.62
USAP,2016.1,0,0.44,0.4,4.26,0.63
USAP,2015.4,0,0.36,0.36,6.83,0.61
USAP,2015.3,0,0.37,0.4,9.91,0.69
USAP,2015.2,47.93,0.67,0.68,0,0.76
USAP,2015.1,39.73,0.88,0.91,0,0.79
USAP,2014.4,44.12,0.88,0.87,104.31,0.74
USAP,2014.3,0,0.98,0.93,47.56,0.78
USAP,2014.2,0,1.21,1.15,20.95,0.82
USAP,2014.1,0,1.34,1.21,14.67,0.83
USAP,2013.4,0,1.42,1.29,14.64,0.77
USAP,2013.3,0,1.24,1.13,12.73,0.76
USAP,2013.2,48.33,1.08,1.03,19.91,0.82
USAP,2013.1,31.07,1.19,1.27,0,0.88
USAP,2012.4,18.2,1.09,1.29,0,0.9
USAP,2012.3,15.16,1.03,1.31,0,0.97
USAP,2012.2,15.69,1.11,1.47,0,1.05
USAP,2012.1,15.31,1.15,1.56,0,1.04
USAP,2011.4,14.54,1.05,1.42,0,1.01
USAP,2011.3,10.17,0.74,0.99,0,0.92
USAP,2011.2,18.34,1.43,1.87,0,0.33
USAP,2011.1,14.23,1.08,1.4,0,0.38
USAP,2010.4,16.12,1.13,1.33,0,0.32
USAP,2010.3,15.74,1.02,1.07,0,0.33
USAP,2010.2,15.83,0.79,0.72,133.03,0.32
USAP,2010.1,70.56,1.39,1.11,13.39,0.35
USAP,2009.4,0,1.02,0.89,8.29,0.26
USAP,2009.3,0,0.8,0.86,7.62,0.26
USAP,2009.2,0,0.59,0.77,9.7,0.25
USAP,2009.1,12.4,0.3,0.46,13.08,0.3
USAP,2008.4,7.07,0.42,0.67,30.41,0.26
USAP,2008.3,10.14,0.76,1.19,12.34,0.29
USAP,2008.2,12.64,1.08,1.76,10.84,0.3
USAP,2008.1,9.81,0.87,1.47,9.74,0.28
USAP,2007.4,10.68,1.05,1.85,9.7,0.27
USAP,2007.3,10.93,1.13,2.12,23.07,0.35
USAP,2007.2,9.55,1.03,1.96,251.46,0.42
USAP,2007.1,13.52,1.47,2.79,0,0.44
USAP,2006.4,10.8,1.08,2.1,0,0.48
USAP,2006.3,NA,NA,1.51,NA,0.62
USAP,2006.2,NA,NA,2.09,NA,0.62
USAP,2006.1,NA,NA,1.94,NA,0.6
USAP,2005.4,NA,NA,NA,NA,0.59
USAP,2005.3,NA,NA,NA,NA,0.66
USAP,2005.2,NA,NA,NA,NA,0.66
USAP,2005.1,NA,NA,NA,NA,0.67
WOR,2020.4,4.36,1,1.79,10.1,NA
WOR,2020.4,4.37,1.01,NA,NA,1.12
WOR,2020.3,3.23,0.79,1.43,8.08,1.05
WOR,2020.2,20.98,0.54,1.66,6.82,1.41
WOR,2020.1,17.45,0.52,1.73,7.59,1.5
WOR,2019.4,18.87,0.6,2.12,10.69,1.51
WOR,2019.3,20.81,0.53,2.01,13.27,1.63
WOR,2019.2,12.52,0.51,1.9,16.89,1.65
WOR,2019.1,15.27,0.58,2.14,18.24,1.63
WOR,2018.4,12,0.63,2.25,13.61,1.6
WOR,2018.3,13.23,0.73,2.46,17.99,1.52
WOR,2018.2,14.48,0.79,2.54,13.74,1.53
WOR,2018.1,11.87,0.77,2.29,12.21,1.44
WOR,2017.4,14.03,0.76,2.27,11.97,1.47
WOR,2017.3,16.19,0.95,2.64,13.11,1.43
WOR,2017.2,12.17,0.83,2.25,9.33,1.17
WOR,2017.1,13.94,1,2.75,9.83,1.2
WOR,2016.4,16.4,1.17,3.17,10.75,1.12
WOR,2016.3,14.06,0.89,2.46,7.77,1.22
WOR,2016.2,15.15,0.77,2.25,6.88,1.24
WOR,2016.1,16.01,0.62,2.1,6.67,1.41
WOR,2015.4,30.74,0.58,2.11,7.61,1.44
WOR,2015.3,23.51,0.46,1.7,8.06,1.44
WOR,2015.2,21.48,0.48,1.82,13.83,1.48
WOR,2015.1,20.61,0.47,1.8,27.77,1.61
WOR,2014.4,15.55,0.68,2.25,31.79,1.38
WOR,2014.3,17.52,0.75,2.45,23.02,1.46
WOR,2014.2,16.33,0.79,2.47,15.73,1.43
WOR,2014.1,16.17,0.83,2.43,10.29,1.22
WOR,2013.4,17.36,0.92,2.57,13.81,1.08
WOR,2013.3,12.92,0.77,2.02,7.98,1.16
WOR,2013.2,15.2,0.79,2.33,9.11,1.24
WOR,2013.1,10.89,0.64,1.96,9.55,1.19
WOR,2012.4,9.56,0.52,1.65,5.85,1.21
WOR,2012.3,9.24,0.47,1.53,5.61,1.28
WOR,2012.2,7.7,0.37,1.22,6.63,1.51
WOR,2012.1,8.18,0.4,1.29,7.36,1.52
WOR,2011.4,8.57,0.43,1.39,9.49,1.27
WOR,2011.3,8.19,0.4,1.25,9.79,1.25
WOR,2011.2,11.3,0.54,1.7,26.49,1.25
WOR,2011.1,12.17,0.49,1.54,50.19,1.14
WOR,2010.4,18.16,0.43,1.34,0,1.15
WOR,2010.3,14.19,0.41,1.2,0,1.23
WOR,2010.2,20.22,0.47,1.22,11.98,1.03
WOR,2010.1,0,0.55,1.33,7.54,0.91
WOR,2009.4,41.09,0.39,0.93,2.81,0.77
WOR,2009.3,0,0.37,1.07,2.94,0.82
WOR,2009.2,0,0.32,1.13,4.42,0.84
WOR,2009.1,0,0.16,0.68,2.27,1.09
WOR,2008.4,0,0.24,1.06,7.02,1.34
WOR,2008.3,6.57,0.32,1.09,12.41,1.28
WOR,2008.2,10.82,0.39,1.29,8.86,1.25
WOR,2008.1,11.42,0.35,1.19,5.59,1.26
WOR,2007.4,16.14,0.43,1.4,4.05,1.08
WOR,2007.3,14.03,0.43,1.4,4.32,1.1
WOR,2007.2,11.31,0.43,1.33,10.43,0.94
WOR,2007.1,9.04,0.4,1.29,17.72,1.04
WOR,2006.4,7.58,0.37,1.17,29.1,1.08
WOR,2006.3,NA,NA,1.18,NA,1.04
WOR,2006.2,NA,NA,1.07,NA,1.01
WOR,2006.1,NA,NA,1.32,NA,1.18
WOR,2005.4,NA,NA,NA,NA,1.2
WOR,2005.3,NA,NA,NA,NA,1.17
WOR,2005.2,NA,NA,NA,NA,1.23
WOR,2005.1,NA,NA,NA,NA,1.29
X,2020.4,0,0.3,1.05,0,NA
X,2020.3,0,0.13,0.46,0,2.35
X,2020.2,0,0.12,0.43,0,2.44
X,2020.1,0,0.09,0.29,0,2.32
X,2019.4,0,0.15,0.47,0,1.84
X,2019.3,3.24,0.14,0.46,0,1.6
X,2019.2,2.68,0.18,0.6,0,1.62
X,2019.1,2.97,0.23,0.78,0,1.63
X,2018.4,2.87,0.23,0.74,0,1.61
X,2018.3,7.82,0.39,1.34,33.89,1.68
X,2018.2,11.23,0.46,1.67,51.42,1.79
X,2018.1,10.39,0.48,1.77,29.42,1.92
X,2017.4,15.76,0.49,1.81,18.6,1.97
X,2017.3,37.32,0.36,1.56,10.36,2.52
X,2017.2,134.56,0.32,1.47,7.24,2.75
X,2017.1,0,0.49,2.63,15.39,3.23
X,2016.4,0,0.48,2.44,10.89,3.03
X,2016.3,0,0.27,1.21,10.64,2.64
X,2016.2,0,0.23,1.25,114.6,3.67
X,2016.1,0,0.21,1.16,0,3.6
X,2015.4,0,0.1,0.46,0,2.76
X,2015.3,0,0.11,0.46,0,2.53
X,2015.2,0,0.19,0.82,0,2.22
X,2015.1,0,0.21,0.92,6.08,2.15
X,2014.4,40.1,0.22,0.97,3.49,2.16
X,2014.3,0,0.31,1.36,6.4,2.05
X,2014.2,0,0.21,1.01,3.67,2.82
X,2014.1,0,0.22,1.09,13.17,2.88
X,2013.4,0,0.23,1.19,0,2.89
X,2013.3,0,0.16,1.57,14.9,6.33
X,2013.2,0,0.14,0.68,10.34,3.28
X,2013.1,454.31,0.15,0.76,8.31,3.37
X,2012.4,0,0.18,0.92,5.64,3.38
X,2012.3,0,0.14,0.66,7.64,3.01
X,2012.2,0,0.14,0.78,17.88,3.36
X,2012.1,0,0.2,1.13,0,3.57
X,2011.4,0,0.18,1,0,3.59
X,2011.3,0,0.16,0.7,0,2.82
X,2011.2,0,0.34,1.45,0,2.85
X,2011.1,0,0.39,1.82,0,3.03
X,2010.4,0,0.44,2,0,2.99
X,2010.3,0,0.35,1.28,0,2.46
X,2010.2,0,0.34,1.14,0,2.47
X,2010.1,0,0.66,1.83,0,2.36
X,2009.4,0,0.6,1.45,0,2.1
X,2009.3,0,0.42,1.15,61.33,2.15
X,2009.2,8.71,0.23,0.91,3.8,2.07
X,2009.1,1.56,0.11,0.49,2.01,2.31
X,2008.4,1.86,0.17,0.77,5.02,2.18
X,2008.3,4.42,0.34,1.31,9.96,1.8
X,2008.2,16.18,0.94,3.02,33.25,1.7
X,2008.1,15.96,0.73,2.3,13.9,1.8
X,2007.4,14.52,0.76,2.29,11.8,1.83
X,2007.3,9.77,0.7,2.07,8.2,1.49
X,2007.2,8.94,0.73,2.29,8.61,1.6
X,2007.1,7.65,0.68,2.23,9.11,1.34
X,2006.4,5.76,0.51,1.75,7.57,1.43
X,2006.3,NA,NA,1.43,NA,1.49
X,2006.2,NA,NA,1.88,NA,1.59
X,2006.1,NA,NA,1.56,NA,1.75
X,2005.4,NA,NA,NA,NA,1.96
X,2005.3,NA,NA,NA,NA,1.42
X,2005.2,NA,NA,NA,NA,1.42
X,2005.1,NA,NA,NA,NA,1.54
ZEUS,2020.4,0,0.13,0.49,3.15,NA
ZEUS,2020.3,0,0.11,0.42,2.68,1.07
ZEUS,2020.2,0,0.1,0.43,1.95,1.14
ZEUS,2020.1,51.49,0.08,0.37,1.11,1.21
ZEUS,2019.4,53.94,0.13,0.63,1.71,1.11
ZEUS,2019.3,47.63,0.1,0.51,1.64,1.26
ZEUS,2019.2,10.73,0.09,0.48,3.25,1.35
ZEUS,2019.1,6.35,0.1,0.56,0,1.59
ZEUS,2018.4,4.76,0.09,0.51,0,1.48
ZEUS,2018.3,5.99,0.15,0.74,0,1.56
ZEUS,2018.2,7.65,0.16,0.75,0,1.63
ZEUS,2018.1,12.17,0.17,0.79,0,1.46
ZEUS,2017.4,12.66,0.18,0.85,0,1.22
ZEUS,2017.3,19.48,0.19,0.88,0,1.33
ZEUS,2017.2,25.51,0.18,0.79,0,1.32
ZEUS,2017.1,28.01,0.18,0.76,0,1.29
ZEUS,2016.4,0,0.25,1.02,0,1.2
ZEUS,2016.3,0,0.23,0.93,10.97,1.15
ZEUS,2016.2,0,0.29,1.14,4.49,1.09
ZEUS,2016.1,0,0.17,0.73,2.13,1.03
ZEUS,2015.4,0,0.11,0.48,1.26,1.01
ZEUS,2015.3,0,0.09,0.41,1.32,1.17
ZEUS,2015.2,0,0.14,0.72,6.67,1.35
ZEUS,2015.1,0,0.1,0.51,0,1.46
ZEUS,2014.4,0,0.13,0.67,0,1.5
ZEUS,2014.3,33.78,0.16,0.71,0,1.51
ZEUS,2014.2,42.03,0.2,0.86,0,1.5
ZEUS,2014.1,57.83,0.24,1.01,36.72,1.41
ZEUS,2013.4,40.01,0.25,1.03,8.03,1.34
ZEUS,2013.3,0,0.23,0.98,3.74,1.26
ZEUS,2013.2,0,0.2,0.87,3.15,1.29
ZEUS,2013.1,209.51,0.19,0.85,4.82,1.42
ZEUS,2012.4,101.56,0.17,0.81,48.31,1.44
ZEUS,2012.3,13.77,0.13,0.59,0,1.49
ZEUS,2012.2,9.93,0.12,0.58,0,1.61
ZEUS,2012.1,12.06,0.19,0.86,0,1.7
ZEUS,2011.4,9.81,0.19,0.85,0,1.47
ZEUS,2011.3,7.8,0.15,0.62,0,1.58
ZEUS,2011.2,18.69,0.28,1.03,0,0.79
ZEUS,2011.1,32.03,0.37,1.26,0,0.77
ZEUS,2010.4,137.09,0.37,1.14,0,0.64
ZEUS,2010.3,199.62,0.33,0.91,0,0.58
ZEUS,2010.2,78.28,0.37,0.9,11.92,0.49
ZEUS,2010.1,0,0.62,1.3,6.38,0.46
ZEUS,2009.4,0,0.65,1.3,7.43,0.3
ZEUS,2009.3,0,0.47,1.13,3.21,0.27
ZEUS,2009.2,0,0.3,0.96,11.47,0.32
ZEUS,2009.1,5.46,0.14,0.53,0,0.54
ZEUS,2008.4,3.12,0.17,0.65,0,0.47
ZEUS,2008.3,4.26,0.25,0.94,0,0.78
ZEUS,2008.2,14.34,0.67,2.46,46.5,0.6
ZEUS,2008.1,13.56,0.43,1.62,11.9,0.55
ZEUS,2007.4,12.44,0.31,1.19,5.84,0.47
ZEUS,2007.3,10.97,0.26,1.04,5.86,0.54
ZEUS,2007.2,9.58,0.28,1.11,0,0.73
ZEUS,2007.1,10.7,0.3,1.26,0,0.71
ZEUS,2006.4,6.96,0.22,0.91,0,0.73
ZEUS,2006.3,NA,NA,1.03,NA,0.85
ZEUS,2006.2,NA,NA,1.53,NA,0.76
ZEUS,2006.1,NA,NA,1.36,NA,0.55
ZEUS,2005.4,NA,NA,NA,NA,0.53
ZEUS,2005.3,NA,NA,NA,NA,0.48
ZEUS,2005.2,NA,NA,NA,NA,0.79
ZEUS,2005.1,NA,NA,NA,NA,1.15
ZKIN,2020.4,Inf,Inf,Inf,Inf,NA
ZKIN,2020.1,0,0,NA,NA,0.73
ZKIN,2019.3,0,0,0,0,0.79
ZKIN,2019.1,NA,NA,0,NA,0.84
ZKIN,2018.3,NA,NA,0,NA,1.05
ZKIN,2017.3,NA,NA,0,NA,1.86
ZKIN,2016.3,NA,NA,NA,NA,3.76
ZKIN,2015.3,NA,NA,NA,NA,6.87
