ticker,year,quarter,avg_price,sd_price,avg_pct_change,sd_pct_change,avg_range,avg_vol,pe_ratio,price_to_sales_ratio,price_to_book_ratio,price_to_fcf_ratio,debt_to_equity_ratio,yearly_amount_per_share,num_per_year,three_year_dividend,pays_dividend,dividend_yield
BTI,2006,2006.4,27.81507942857143,0.6329301151680968,0.003996462266097388,0.008429139475413846,0.3295239682539682,218577.77777777778,13.17,2.71,0,8.38,1.66,1.7399999999999998,2,0,1,0.06255599609083573
BTI,2007,2007.1,30.38819680327869,0.8908418692207916,7.14583118654945e-5,0.00794466632714521,0.4105736721311474,304134.4262295082,14.23,3,0,9.57,0,2.3200000000000003,2,4.83,1,0.07634543158380781
BTI,2007,2007.2,32.36769842857143,1.0579387813445977,0.0031568618196835246,0.006425214755965105,0.3639680634920633,247682.53968253967,15.07,3.2,0,9.29,1.64,2.3200000000000003,2,0,1,0.07167639692144756
BTI,2007,2007.3,33.49246014285714,1.0204885265512005,0.0014971198587360767,0.008444360286949094,0.47563492063492085,233428.57142857142,14.62,3.2,0,11.05,0,2.3200000000000003,2,5.37,1,0.0692693218146527
BTI,2007,2007.4,37.529374875,1.5326671161895973,0.0016164733630208994,0.009412085453523325,0.5296876249999999,296931.25,15.59,3.29,0,9.89,1.72,2.3200000000000003,2,0,1,0.06181824258270436
BTI,2008,2008.1,37.09729495081967,1.4315008650326113,8.760650296239563e-4,0.010982115907853135,0.67352455737705,374350.81967213115,12.25,1.77,0,9.78,0,2.76,2,5.67,1,0.07439895560199106
BTI,2008,2008.2,37.718906296875,1.5637702189532519,0.0020494586016355106,0.010218866314570547,0.5608589531250008,245731.25,9.24,1.43,0,6.85,2.25,2.76,2,0,1,0.07317285337694601
BTI,2008,2008.3,34.49835934375,1.619269697763026,-5.661761753441073e-5,0.017793532609338993,0.7602341718749996,398431.25,7.19,1.16,0,8.1,0,2.76,2,6.4399999999999995,1,0.08000380460121861
BTI,2008,2008.4,26.740859453125,2.25664583621183,0.003955048824360614,0.03216792811529048,1.3777344843750001,637725,7.65,1.2,0,0,2.97,2.76,2,0,1,0.10321283819759426
BTI,2009,2009.2,25.688016063492064,1.8284836328700635,0.0032408189952816534,0.012925629006097717,0.5388889206349203,370212.6984126984,12.25,2.76,0,0,2.55,2.65,2,0,1,0.1031609445217606
BTI,2009,2009.4,31.984453078125,0.6653565173476979,3.5800171184035374e-5,0.005795679115894906,0.39335968749999994,310509.375,28.8,6.31,0,0,2.36,2.65,2,0,1,0.08285275329007905
BTI,2010,2010.2,31.84722215873016,1.8467559696831175,-2.816582220232897e-4,0.010008793952500967,0.5549205714285711,455492.0634920635,0,0,0,0,2.07,3.2300000000000004,2,0,1,0.10142171847520375
BTI,2010,2010.4,38.19570309375,0.72990110128364,-2.3349419280031111e-4,0.005606291113055701,0.4086718124999992,324118.75,0,0,0,0,1.92,3.2300000000000004,2,0,1,0.08456448601226374
BTI,2011,2011.2,43.456507809523806,1.1958199158456206,0.0014106330687200736,0.005641899322900495,0.46698422222222247,452311.1111111111,0,0,0,0,2.08,3.86,2,0,1,0.0888244406779979
BTI,2011,2011.4,45.75047634920635,1.3361146094532432,9.963290532511372e-4,0.009008042444196541,0.6910316190476191,693003.1746031746,0,0,0,0,2.2,3.86,2,0,1,0.08437070623127972
BTI,2012,2012.2,49.76198434920635,1.5728912463105822,0.0014909766572779445,0.006966185058066234,0.5797617301587303,492555.55555555556,0,0,0,0,2.58,4.1,2,0,1,0.0823922127226301
BTI,2012,2012.4,51.38185485483871,1.060284618608713,-0.0015032372129589865,0.005330165161662887,0.481290451612904,343093.5483870968,0,0,0,0,2.51,4.1,2,0,1,0.07979470596347879
BTI,2013,2013.2,55.05046859375,1.6081544962352177,2.6901861009166457e-4,0.0067689626455625755,0.5635937968749997,357609.375,0,0,0,0,2.84,4.18,2,0,1,0.07593032551360633
BTI,2013,2013.4,53.217421875,1.3940154355086019,8.755621384379732e-5,0.006086618647220052,0.4873438750000004,539256.25,0,0,0,0,2.88,4.18,2,0,1,0.07854570651352133
BTI,2014,2014.2,58.56626992063492,1.548196743666137,0.0014514317133706978,0.004833221944923166,0.47746014285714306,458320.6349206349,0,0,0,0,3.47,4.859999999999999,2,0,1,0.08298291843728386
BTI,2014,2014.4,56.197031078125,1.7182764143835543,9.362330487434657e-4,0.007363885718079716,0.6190620312500005,481284.375,0,0,0,0,3.5,4.859999999999999,2,0,1,0.08648143695071074
BTI,2015,2015.2,55.12349192063492,1.3444465925224176,1.7277948735311137e-4,0.006446166750164036,0.5658729206349211,481066.6666666667,0,0,0,0,3.59,4.65,2,0,1,0.0843560492628973
BTI,2015,2015.4,57.337656234375,1.4851801311994162,1.850817324045497e-4,0.007429673965796278,0.6162504218750006,530315.625,0,0,0,0,5.26,4.65,2,0,1,0.08109853637882461
BTI,2016,2016.4,56.63253960317461,2.494038012962361,-0.0014358672060242347,0.00999427047669881,0.6788092380952384,2319619.0476190476,0,0,0,0,3.73,8.629999999999999,4,0,1,0.15238589087599796
BTI,2017,2017.2,69.47206342857143,1.9955561740010395,-1.1096178751475965e-4,0.005874974426317052,0.6053976349206367,1831860.3174603174,0,0,0,0,3.96,4.33,4,0,1,0.06232721163452909
BTI,2017,2017.4,65.18984133333333,1.4309746371495173,6.195688009702912e-4,0.006204718389241424,0.6255558412698412,2058000,0,0,0,0,1.31,4.33,4,17.02,1,0.0664213919138035
BTI,2018,2018.2,52.6667188125,3.437502832100041,-0.0033326071411083503,0.00837692024739366,0.707812421875,2398779.6875,0,0,0,0,1.28,2.54,4,15.16,1,0.04822780035040179
BTI,2018,2018.4,38.893650746031746,5.402063616594409,-0.008748059024338587,0.01314491202242301,0.9068255238095237,3930003.1746031744,0,0,0,0,1.23,2.54,4,14.25,1,0.06530628910579067
BTI,2018,2018.4,38.893650746031746,5.402063616594409,-0.008748059024338587,0.01314491202242301,0.9068255238095237,3930003.1746031744,0,0,0,0,1.23,2.54,4,14.25,1,0.06530628910579067
BTI,2019,2019.2,37.884126968253966,1.9191561701337017,0.0010736113683711016,0.008065885885647026,0.4738093809523807,1706566.6666666667,0,0,0,0,1.26,2.59,4,10.21,1,0.06836636362691849
BTI,2019,2019.4,37.692812484375,2.7852598358618836,0.0018534372358965279,0.007905998444658955,0.44031221875000004,1682801.5625,0,0,0,0,1.2,2.59,4,8.15,1,0.0687133654744826
BTI,2019,2019.4,37.692812484375,2.7852598358618836,0.0018534372358965279,0.007905998444658955,0.44031221875000004,1682801.5625,0,0,0,0,1.2,2.59,4,8.15,1,0.0687133654744826
BTI,2020,2020.2,38.31666673015873,1.463218899168313,-5.73801569419615e-4,0.013574298563263807,0.7655557936507935,1903111.111111111,0,0,0,0,1.2,2.72,4,0,1,0.07098738570229311
BTI,2020,2020.4,35.797656359375,2.028411425152396,0.0013758768767136776,0.009244883574313953,0.50078115625,2023521.875,0,0,0,0,1.19,2.72,4,7.08,1,0.07598262782048477
BTI,2020,2020.4,35.797656359375,2.028411425152396,0.0013758768767136776,0.009244883574313953,0.50078115625,2023521.875,0,0,0,0,1.19,2.72,4,7.08,1,0.07598262782048477
BTI,2021,2021.2,39.160317523809525,0.7572147312137159,7.939074898124389e-4,0.00742805069898309,0.4593652222222225,3092792.0634920634,0,0,NA,NA,1.17,1.5,2,0,1,0.03830408165327051
BTI,2021,2021.3,37.760196117647055,0.7434364849602869,-6.54823878085572e-5,0.006076579228798669,0.3811767843137255,2445427.4509803923,Inf,Inf,Inf,Inf,NA,1.5,2,7.3100000000000005,1,0.03972436995100727
MO,2006,2006.4,82.22333336507937,2.7787138852787066,5.005063245735999e-4,0.008273116852031893,1.0479373174603182,9087314.285714285,1.52,0.27,0.46,1.38,1.63,3.3200000000000003,4,9.02,1,0.04037783271640042
MO,2007,2007.1,86.28639344262295,1.580517115997499,8.798775659510542e-4,0.008227383405099535,1.3131144918032789,12308039.344262294,1.67,0.34,1.3,1.39,2.07,3.05,4,9.2,1,0.03534740389894879
MO,2007,2007.2,69.85444438095239,0.9174872664268263,-8.262925271111268e-4,0.008062918264500568,0.9334919523809532,11620306.349206349,1.88,0.47,1.25,1.76,2.06,3.05,4,9.38,1,0.04366221830305848
MO,2007,2007.3,68.66095233333333,1.6830374623663742,-7.445340266376661e-4,0.009249855846276713,1.2933325714285706,11642976.19047619,1.93,0.67,1.18,1.87,2,3.05,4,9.39,1,0.0444211723891178
MO,2007,2007.4,73.574843703125,2.824631227586201,4.805472195031224e-4,0.007857424348656064,0.9971872656250007,10289959.375,2.29,1.2,1.18,2.25,2.06,3.05,4,9.41,1,0.041454386397431854
MO,2008,2008.1,73.47278683606558,7.003680699920683,3.9622649750883727e-5,0.012991813223660246,1.5172133278688513,14428565.573770491,2.29,1.16,4.6,1.49,4.49,52.42,4,9.43,1,0.7134614359594238
MO,2008,2008.1,73.47278683606558,7.003680699920683,3.9622649750883727e-5,0.012991813223660246,1.5172133278688513,14428565.573770491,2.29,1.16,4.6,1.49,4.49,52.42,4,9.43,1,0.7134614359594238
MO,2008,2008.2,21.5209375625,0.7161820406002328,-4.520598455823796e-4,0.015350843915787789,0.502343609375,19162062.5,2.48,1.07,5.05,3.07,4.3,52.42,4,0,1,2.4357674867911556
MO,2008,2008.3,20.804843796875,0.5001173092301058,-3.710304897515125e-4,0.018180065262124224,0.5757812187499999,14303521.875,3.09,1.03,4.66,3.18,3.95,52.42,4,59.78,1,2.5196055549272502
MO,2008,2008.4,17.0510936875,1.943847477875338,-0.007593046412151792,0.03203564821350502,0.8746874687499999,24711809.375,3.1,0.79,5.34,2.95,8.62,52.42,4,59.27,1,3.074289600462909
MO,2009,2009.1,16.219344098360654,0.7286307246861451,0.001990123756248064,0.0178397371847329,0.5201639999999996,21834216.393442623,5.37,0.85,5.9,5.23,12.9,0.98,3,58.79,1,0.0604216788334278
MO,2009,2009.2,16.71936488888889,0.34288567284823107,-3.4342475294098847e-4,0.012086524079548407,0.3531745555555555,16085560.317460317,5.45,0.81,5.13,4.89,9.71,0.98,3,58.31,1,0.05861466667620096
MO,2009,2009.3,17.614687390625,0.5856430623160394,1.6295037641060725e-4,0.009012664886529747,0.2892188437499997,16344103.125,6.03,0.86,5.1,7.14,8.64,0.98,3,0,1,0.05563538984640634
MO,2009,2009.4,18.868124890625,0.7198410621949624,-3.200449186453647e-4,0.006630982765598215,0.25750009375,15563960.9375,6.67,0.9,5.24,6.71,8.01,0.98,3,56.97,1,0.05193944844444676
MO,2010,2010.1,20.146065524590163,0.369672330001566,1.6504948286823483e-4,0.0075053364315827865,0.2645901147540982,14245822.950819673,6.62,0.91,5.33,7.15,7.91,0.7,2,0,1,0.03474623862141143
MO,2010,2010.2,20.702063603174604,0.6098443896861683,-8.813693506251991e-4,0.011163657882991203,0.3577776666666665,19068309.523809522,6.54,0.92,5,6.67,6.79,0.7,2,55.59,1,0.033813054264438494
MO,2010,2010.3,22.52750003125,0.984192652211502,0.002388208496913554,0.007147971300339615,0.3057811406249997,13778029.6875,7.43,1.12,5.36,9.34,6.2,0.7,2,55.25,1,0.031073132794538435
MO,2010,2010.4,24.782656296875,0.5243931928049301,-1.551257915601339e-4,0.006220188233555578,0.2648435781250001,11640137.5,7.36,1.17,5.53,11.01,6.2,0.7,2,0,1,0.028245559782397792
MO,2011,2011.1,24.690483838709678,0.6890726003987544,6.087843404850054e-4,0.007443778663787336,0.29193520967741954,12855154.838709677,7.65,1.27,5.67,11.64,6.07,1.58,4,54.1,1,0.06399226561623228
MO,2011,2011.2,26.98047623809524,0.590451977936605,0.0010488436255227294,0.008121677862869062,0.3490476031746029,11659092.063492063,9.27,1.32,6.79,11.22,6.95,1.58,4,2.67,1,0.05856086401355325
MO,2011,2011.3,26.319375203125,0.6125819729568864,0.0010901815903991247,0.011954245186095787,0.5156249531250001,16013187.5,9.38,1.38,7.29,9.27,7.42,1.58,4,3.05,1,0.06003182020112699
MO,2011,2011.4,28.017777873015874,0.954913299692117,5.306998456425373e-4,0.006692487396493664,0.4212696825396826,13446685.714285715,10.71,1.53,9.75,10.43,8.98,1.58,4,3.17,1,0.05639276630577151
MO,2012,2012.1,29.445483903225806,0.7675140302232898,8.891697076478934e-4,0.006809238626975537,0.3235483225806451,11766748.387096774,11.1,1.6,10.18,11.61,9.21,1.7,4,3.26,1,0.05773381091603531
MO,2012,2012.2,32.3003173015873,0.9300793961703837,0.001671050833357451,0.005834865158127407,0.36126980952380955,10818246.031746032,10.2,1.76,9.99,14.88,7.08,1.7,4,3.35,1,0.05263106192199724
MO,2012,2012.3,34.78555552380953,0.8572721493378572,-6.95248041226741e-4,0.00971143311154618,0.4336509841269839,11160622.222222222,11.36,1.71,10.77,13.88,8.06,1.7,4,3.44,1,0.0488708595967774
MO,2012,2012.4,32.624032096774194,0.9463084165756211,-0.0011094432852341502,0.009878489992428923,0.4803227741935488,10437433.870967742,10.07,1.62,12.45,10.57,10.15,1.7,4,3.88,1,0.05210882563372947
MO,2013,2013.1,33.784833533333334,0.7631346403341381,7.238124315812446e-4,0.007000648489106671,0.3566666499999996,10656851.666666666,10.07,1.79,12.24,12.18,9.09,1.8399999999999999,4,3.98,1,0.054462307715223444
MO,2013,2013.2,35.919999890625,0.8088164270709477,2.082523432602845e-4,0.009306755129551657,0.5107813281249994,9566434.375,10.23,1.86,12.6,10.57,8.66,1.8399999999999999,4,4.42,1,0.05122494447669065
MO,2013,2013.3,35.239844046875,0.9814979766413807,-5.18889598341161e-4,0.007995259666324962,0.4317188125000001,8564268.75,8.68,1.82,11.21,9.98,8.03,1.8399999999999999,4,4.51,1,0.052213624939783675
MO,2013,2013.4,36.918125265625,1.1101105666641662,0.001288319556406311,0.007187740978265833,0.4359374218749994,7580092.1875,11.17,2.06,12.22,11.89,7.47,1.8399999999999999,4,4.64,1,0.04984001724793026
MO,2014,2014.1,36.33934401639344,0.9569376842379809,-5.560003187989911e-4,0.009016516321298722,0.4926230655737704,8830454.098360656,11.54,2.04,12.04,10.58,7.61,2,4,5.12,1,0.05503676673683922
MO,2014,2014.2,40.23095242857143,1.6052318598053423,0.0024557056942838555,0.007424444552775127,0.47317453968254,7474719.047619048,13.02,2.31,12.76,12.42,6.58,2,4,5.22,1,0.04971296673999767
MO,2014,2014.3,42.835000140625,1.3709736546512032,0.0010919144398437086,0.007839485693066806,0.49249989062499955,6222978.125,14.37,2.55,14.44,14.07,6.94,2,4,5.32,1,0.04669079008834149
MO,2014,2014.4,48.715468609375,1.746524093945081,5.876301969806313e-4,0.007544628047069813,0.6831248124999997,6775379.6875,13.21,2.74,22.24,14.92,10.45,2,4,5.43,1,0.04105472157184816
MO,2015,2015.1,53.08786862295082,2.1363294935131,-3.199169410744797e-4,0.009825159704738122,0.7924590000000006,7269675.409836066,13.92,2.77,27.09,14.12,12.53,2.16,4,5.54,1,0.040687261629226416
MO,2015,2015.2,50.687619047619044,1.4100680017760918,-5.076389719650559e-4,0.00988311770539207,0.7112699523809526,6569715.873015873,13.23,2.69,24.34,13.72,10.49,2.16,4,5.65,1,0.04261395663447447
MO,2015,2015.3,53.621718953125,1.6386809079203264,0.0024936581792201515,0.0136828671594558,0.9026565624999997,7161792.1875,14.49,3,26.32,13.86,10.11,2.16,4,5.76,1,0.040282184946145196
MO,2015,2015.4,57.956093671875,1.5781762135226736,7.010434320643035e-4,0.009590079811482872,0.8832817968749994,5868817.1875,15.59,3.22,28.51,14.6,9.95,2.16,4,5.88,1,0.03726959260279144
MO,2016,2016.1,60.46918054098361,1.629695600604517,0.0022173189608564025,0.009409116081283694,1.0667218688524587,6768044.262295082,16.33,3.46,32.32,15.17,11.4,2.34,4,6,1,0.038697398890895185
MO,2016,2016.2,64.0418748125,1.8641488024994894,0.0017518861570842209,0.008834721402580266,0.9103128593750015,6124732.8125,17.5,3.85,31.33,18.03,8.97,2.34,4,6.12,1,0.03653859301981689
MO,2016,2016.3,66.454218828125,2.1348100376276857,-0.001704710897120622,0.00821919282268323,0.7659380625,5249973.4375,17.54,3.53,30.89,17.95,10.18,2.34,4,6.24,1,0.035212211372946826
MO,2016,2016.4,64.39873006349207,2.015852255121687,0.0015250074767271552,0.008606353692164205,0.8717452063492066,6778834.920634921,6.91,3.82,7.66,27.02,2.6,2.34,4,6.37,1,0.03633612025723092
MO,2017,2017.1,72.36999983870967,2.7273509736460286,0.001336245103842719,0.005925190399279946,0.7067742258064503,6625448.387096774,7.25,4.06,8.46,28.98,2.77,2.54,4,6.5,1,0.03509741613459823
MO,2017,2017.2,73.16127007936508,2.285046197157484,7.41194274730562e-4,0.006498648132722135,0.7257146825396826,5721160.317460317,7.43,4.23,8.71,24.42,2.52,2.54,4,6.63,1,0.03471782265732425
MO,2017,2017.3,66.65857144444445,4.545765903868019,-0.002485398216227454,0.014891644480746202,1.053651031746031,8084360.317460317,6.07,3.64,7.61,21.99,2.63,2.54,4,6.76,1,0.03810462698134663
MO,2017,2017.4,67.00857198412699,3.3739721478305573,0.001523431002840053,0.008736416029932338,0.9857137619047622,6844519.047619048,10.36,4.15,6.81,22.51,1.81,2.54,4,6.9,1,0.03790559811663612
MO,2018,2018.1,66.22901613114755,3.564086029387082,-0.0023424438062329984,0.013514472434598676,1.3706563114754104,8234562.2950819675,8.68,3.64,5.98,19.09,1.85,3,4,7.04,1,0.04529736624894686
MO,2018,2018.2,57.67140625,3.0230547517937008,-0.0012432534409712811,0.012821803672242735,1.0304687031249995,8421934.375,8.07,3.39,5.35,12.87,1.73,3,4,7.220000000000001,1,0.05201884599441339
MO,2018,2018.3,59.36634917460317,1.685674437069478,0.0018633196163230002,0.013282005302725806,1.0173017301587297,6795055.555555556,8.58,3.61,5.85,12.77,1.84,3,4,7.4,1,0.05053367845101371
MO,2018,2018.4,57.940634952380954,5.270716931097191,-0.0022625780584008244,0.014843322272055318,1.4626984285714282,10329826.984126983,10.92,2.99,5.09,9.3,2.75,3,4,7.640000000000001,1,0.051777133655259
MO,2019,2019.1,51.10983609836065,3.855802823454111,0.0014423172842831635,0.013921387333819814,1.0819673934426228,12544713.114754098,14.45,3.59,6.3,11.68,3.21,3.2800000000000002,4,7.88,1,0.06417551395953716
MO,2019,2019.2,52.37126965079365,2.4892967162766633,-9.489054822169146e-4,0.013805143987161015,1.0744445714285713,8180500,11.81,2.96,5.12,11.15,2.98,3.2800000000000002,4,8.120000000000001,1,0.06262975906199544
MO,2019,2019.3,45.99828121875,3.127424082670656,-0.0039020674367043133,0.019146317191733202,1.1239061249999995,10622135.9375,37.19,2.6,6.14,9.61,3.97,3.2800000000000002,4,8.36,1,0.07130701219903395
MO,2019,2019.4,47.169218765625,3.1340947481629664,0.002705795039257678,0.01221213715642504,0.7884377499999995,8735728.125,0,3.23,12.75,10.68,6.8,3.2800000000000002,4,8.59,1,0.0695368735339397
MO,2020,2020.1,44.37580638709677,5.4165854220011544,0.003612966802897791,0.024916910199675527,1.5558062096774194,12357735.483870968,0,2.49,9.65,7.63,6.93,3.4,4,8.82,1,0.07661832599370236
MO,2020,2020.2,39.014126857142855,1.8149938486976174,-0.0024337825502033523,0.020753161826516178,1.1501587777777775,10361826.984126983,0,2.6,11.48,6.58,7.68,3.4,4,9.05,1,0.08714791984066958
MO,2020,2020.3,41.617968765625,1.792255120558815,-0.0016724411617364588,0.012995456176301138,0.8792188125000001,7645948.4375,99.7,2.58,20.64,8.19,13.43,3.4,4,9.28,1,0.08169548156344146
MO,2020,2020.4,40.15171871875,1.8493812163972825,-1.3825723500645183e-6,0.012735404360818258,0.8145313281250003,9151115.625,16.26,2.76,24.7,8.86,15.21,3.4,4,9.48,1,0.08467881596341909
MO,2021,2021.1,44.809671918032784,3.6241773764864917,0.00322482425151657,0.01192480000538694,0.891475836065573,9434216.393442623,21.18,3.55,30.51,11.34,15.29,1.72,2,9.68,1,0.03838457025854321
MO,2021,2021.2,49.13190477777778,1.6265379344904718,-3.1825853492907437e-4,0.012765098876588546,0.8279364761904761,8857822.222222222,19.11,3.29,26.5,14.62,12.62,1.72,2,9.84,1,0.035007802115132956
MO,2021,2021.3,48.294314117647055,1.265216628154478,5.973925232953307e-4,0.007770788288211699,0.664902411764705,6133864.705882353,19.84,3.42,27.52,15.18,NA,1.72,2,0,1,0.0356149586431646
PM,2008,2008.4,42.0493749375,2.5744241914843538,0.0017045452127768263,0.03709420336488021,2.7017191718749998,12711610.9375,7.04,0.79,6.1,7.29,3.17,0.46,1,0,1,0.01093952052042914
PM,2009,2009.1,37.76377085245902,3.2034034712085924,-0.00238967164970837,0.01964549708488341,1.2249179508196726,11937670.49180328,6.11,0.66,6.38,5.99,4,1.62,3,0.46,1,0.04289825839504353
PM,2009,2009.2,40.51428565079365,2.901099963894441,0.0050185207952813055,0.016971005725583153,1.1142857936507933,9464307.936507937,7.61,0.82,7.18,7.47,3.95,1.62,3,1,1,0.03998589569030857
PM,2009,2009.3,46.14625015625,1.7445030019266934,0.002278984136162831,0.013146039475026065,1.0042190781249998,7303653.125,8.82,0.93,7.96,8.44,4.02,1.62,3,1.54,1,0.035105777707066604
PM,2009,2009.4,49.474374921875,0.9024410460790756,-2.2845896699842872e-4,0.011544943141744292,0.8781252343749999,7829221.875,8.58,0.89,8.59,7.61,4.62,1.62,3,0,1,0.03274422370283895
PM,2010,2010.1,49.432458704918034,1.9900803410963281,0.0014012550900145936,0.012117229137633042,0.8622948196721307,7714775.409836066,8.95,0.92,10.94,7.64,5.58,1.16,2,2.08,1,0.023466362596376206
PM,2010,2010.2,47.613015936507935,3.0637761731818474,-8.178879549339005e-4,0.012126946151845366,1.0523806984126989,9760888.888888888,7.36,0.78,11.43,6.37,6.61,1.16,2,2.66,1,0.02436308595840395
PM,2010,2010.3,52.12546878125,2.4772245414618177,0.003967022252375875,0.008430960888939626,0.8485938749999994,7218575,8.96,0.94,12.44,7.19,6.49,1.16,2,0,1,0.02225399650347629
PM,2010,2010.4,58.49953115625,1.2176185640385278,9.135679363809155e-4,0.007905988728272955,0.8071873281249995,6709406.25,9.08,0.97,16.3,7.51,7.91,1.16,2,0,1,0.019829218748808164
PM,2011,2011.1,60.45725779032258,3.0490750401754556,0.002221363715198965,0.0074091125463716665,0.8527423548387099,6889191.935483871,9.88,1.07,16.67,8.04,7.25,2.8200000000000003,4,3.24,1,0.04664452380192803
PM,2011,2011.2,67.86730131746032,1.6353902305269015,2.1457878507781026e-4,0.008367164566847064,0.9171430952380951,6386417.46031746,9.49,1.05,18.33,7.59,8.25,2.8200000000000003,4,3.88,1,0.04155167430054413
PM,2011,2011.3,68.080937453125,2.249572811989747,-8.478030414641902e-4,0.013771321495830217,1.4376559999999992,9008717.1875,8.29,0.93,27.93,6.69,13.86,2.8200000000000003,4,4.5200000000000005,1,0.04142128627329233
PM,2011,2011.4,71.76126995238096,4.406508607904457,0.001423965025829942,0.009063700514235227,1.2207936190476194,6697222.222222222,10.27,1.15,155.72,9.1,63.41,2.8200000000000003,4,4.83,1,0.03929696341593849
PM,2012,2012.1,80.98338672580645,4.499674559317283,0.001760488013941752,0.010258258606314,1.1358069999999998,5613253.225806451,11.26,1.27,256.26,10.91,95.29,3.28,5,5.6,1,0.04050213423532685
PM,2012,2012.2,86.4595234920635,2.0979820845340797,0.00029064798810625626,0.008052481446588374,1.1882541428571423,5517447.619047619,11.17,1.26,-85.37,11.57,-33.08,3.28,5,5.83,1,0.03793682717093722
PM,2012,2012.3,90.41063498412699,1.5227581172081914,9.965930629710015e-4,0.010182515245077215,1.285237666666665,5160114.285714285,11.69,1.31,-84.6,12.98,-34.03,3.28,5,6.0600000000000005,1,0.03627891785712881
PM,2012,2012.4,88.15903175806451,2.8597197345073933,-0.0010346896063295594,0.009234953914403127,1.3222577419354833,5006111.29032258,10.62,1.21,-28.84,11.13,-12.94,3.28,5,6.37,1,0.0372054902894275
PM,2012,2012.4,88.15903175806451,2.8597197345073933,-0.0010346896063295594,0.009234953914403127,1.3222577419354833,5006111.29032258,10.62,1.21,-28.84,11.13,-12.94,3.28,5,6.37,1,0.0372054902894275
PM,2013,2013.1,89.99716631666666,1.9444347506588766,0.0015613323695625738,0.008115671401499743,1.134999433333333,5163388.333333333,11.81,1.33,-24.88,13.22,-10.23,3.58,4,7.26,1,0.039779030235277714
PM,2013,2013.2,92.921406609375,2.5290365497025014,-7.578568703516238e-4,0.009791574133552342,1.4198436874999991,5232598.4375,11.27,1.23,-18.03,12.9,-8.11,3.58,4,7.53,1,0.03852718260120277
PM,2013,2013.3,87.43296859375,2.18884561159162,-3.1744758834486126e-5,0.0076081157613177575,1.1495312968750009,4781593.75,11.13,1.22,-13.1,11.53,-6.12,3.58,4,7.8,1,0.04094565308235354
PM,2013,2013.4,87.328750453125,2.0449554488600112,6.540926397191584e-4,0.008475256814540831,1.1398432968750012,4893353.125,11.35,1.21,-15.12,10.83,-7.08,3.58,4,8.74,1,0.04099451762935299
PM,2014,2014.1,80.79508147540983,2.14349521504536,-9.940669892656876e-4,0.010407587834630042,1.207869245901639,5907808.196721312,11,1.15,-12.5,11.09,-6.05,4.4399999999999995,6,9.68,1,0.054953840245229826
PM,2014,2014.2,86.09523771428572,2.3030786691151075,0.0015586045041267758,0.005373179063261642,0.9052379206349209,4699611.111111111,11.74,1.18,-11.77,12,-5.63,4.4399999999999995,6,9.98,1,0.05157079668836635
PM,2014,2014.2,86.09523771428572,2.3030786691151075,0.0015586045041267758,0.005373179063261642,0.9052379206349209,4699611.111111111,11.74,1.18,-11.77,12,-5.63,4.4399999999999995,6,9.98,1,0.05157079668836635
PM,2014,2014.3,84.575000171875,1.0738387320202136,-1.662767661189376e-5,0.007170466872793863,0.9385941406250009,3971590.625,11.89,1.16,-10.6,12.44,-5.08,4.4399999999999995,6,10.59,1,0.052497782926124066
PM,2014,2014.3,84.575000171875,1.0738387320202136,-1.662767661189376e-5,0.007170466872793863,0.9385941406250009,3971590.625,11.89,1.16,-10.6,12.44,-5.08,4.4399999999999995,6,10.59,1,0.052497782926124066
PM,2014,2014.4,85.887343640625,2.1663285864462054,-2.584414665391573e-4,0.008894389947453367,1.1253127656249993,4555770.3125,12.27,1.14,-8.07,13.89,-4.14,4.4399999999999995,6,11.07,1,0.051695626058457636
PM,2015,2015.1,81.16508209836066,2.30707982158236,-0.0010242724075375167,0.00911508299249871,1.108033557377049,5515796.721311475,11.55,1.07,-6.92,15.45,-3.72,4.04,4,11.299999999999999,1,0.04977509903956098
PM,2015,2015.2,82.26857166666666,2.579367057806781,5.519323905435648e-4,0.00884016416305447,1.097619396825398,4677453.968253968,12.33,1.19,-7.74,13.98,-3.77,4.04,4,11.53,1,0.049107452799462124
PM,2015,2015.3,82.3000000625,2.7089788670692516,3.1997760151652777e-4,0.008981936467746131,1.1874998281249998,4010112.5,12.71,1.22,-7.49,14.46,-3.62,4.04,4,11.76,1,0.049088699841214535
PM,2015,2015.4,86.80468756249999,2.4519441263246073,0.001920897613960081,0.008614533724516586,1.168750031250001,4008562.5,14.99,1.39,-8.94,14.86,-3.96,4.04,4,11.93,1,0.04654126537914408
PM,2016,2016.1,91.69213104918033,4.038459338569415,0.003023068907259273,0.007541301014599815,1.4309829672131138,5046855.737704918,17.62,1.58,-10.64,14.99,-4.18,5.140000000000001,5,12.06,1,0.056057154972688886
PM,2016,2016.1,91.69213104918033,4.038459338569415,0.003023068907259273,0.007541301014599815,1.4309829672131138,5046855.737704918,17.62,1.58,-10.64,14.99,-4.18,5.140000000000001,5,12.06,1,0.056057154972688886
PM,2016,2016.2,99.733437421875,1.4493871088100385,0.0013427881582476898,0.008103353268009556,1.308437984375,4389578.125,18.72,1.65,-11.24,19.03,-4.22,5.140000000000001,5,13.25,1,0.05153737936713912
PM,2016,2016.3,100.171562296875,1.582292603480802,-5.285891742763929e-4,0.008725379046329657,1.2159374999999997,4146909.375,18.08,1.58,-11.36,17.38,-4.45,5.140000000000001,5,13.42,1,0.05131196800911181
PM,2016,2016.4,92.66428549206348,3.3387211971860298,-9.542390411970385e-4,0.008388638939607973,1.1780952222222218,4989985.714285715,16.06,4.18,-10.24,16.16,-4.38,5.140000000000001,5,13.52,1,0.05546905123916626
PM,2017,2017.1,103.174193,8.149417821430198,0.00359352810951298,0.006716784005832427,1.2037090645161286,4639329.0322580645,19.82,8.71,-13.18,19.25,-4.47,4.220000000000001,4,13.62,1,0.0409017010678242
PM,2017,2017.2,115.81571449206349,4.06827109947863,0.0010136926937237799,0.007115599816440995,1.3106357142857143,3828674.603174603,20.84,38.21,-14.21,18.1,-4.76,4.220000000000001,4,13.72,1,0.03643719695990983
PM,2017,2017.3,116.38015939682539,2.21158874662244,-8.072828354579021e-4,0.00789426296933961,1.5660312380952381,3773393.6507936507,19.8,0,-14.46,20.77,-5.36,4.220000000000001,4,13.51,1,0.036260476200336886
PM,2017,2017.4,106.55634928571429,3.813223632804425,-8.495295229382187e-4,0.00671263363842768,1.2925385238095237,4364579.365079365,22.28,4.66,-13.09,18.19,-5.2,4.220000000000001,4,13.33,1,0.03960345890496611
PM,2018,2018.1,104.15442637704918,3.6042962799012472,-9.0966749768768e-4,0.014839390062189454,2.1519667213114757,5518549.180327869,21.31,4.31,-12.16,16.27,-5.11,4.49,4,13.4,1,0.04310906560750248
PM,2018,2018.2,84.864999390625,8.372395420221387,-0.0022826594384698098,0.014765040542434528,1.6767188750000006,7155954.6875,16.4,3.46,-10.33,12.42,-5.01,4.49,4,13.47,1,0.05290755944430029
PM,2018,2018.3,82.09095274603175,2.4372795724768626,0.0012031387927303493,0.011756282358019683,1.3982535396825402,5472107.936507937,16.14,3.54,-10.82,12.93,-4.96,4.49,4,13.61,1,0.05469543049269879
PM,2018,2018.4,83.52063476190476,6.7141313247317544,-0.003190403119467505,0.01612760642448545,2.0163489206349205,6836965.079365079,11.33,3.02,-8.33,11.13,-4.71,4.49,4,13.73,1,0.053759169967994166
PM,2019,2019.1,80.5398365409836,8.103649913270035,0.00390389020249283,0.013101431786295052,1.5300001803278698,6389149.180327869,15.6,4.07,-11.8,15.12,-4.74,4.619999999999999,4,13.85,1,0.05736291751286409
PM,2019,2019.2,82.60984061904762,3.721335605406224,-0.0014949245009363865,0.011579539126444672,1.5725400793650788,4723103.174603174,13.84,3.68,-11.51,14.2,-5.24,4.619999999999999,4,12.95,1,0.05592554065447199
PM,2019,2019.3,79.245,5.2531584864248755,-0.0016918481607107805,0.016455672112752194,1.884062703125,6838526.5625,14.22,3.6,-11.63,13.05,-5.52,4.619999999999999,4,13.07,1,0.05830020821502933
PM,2019,2019.4,82.418593,2.764623137160071,0.0012943111440622047,0.009342292514459448,1.289218609375,4645353.125,16.82,4.06,-12.6,13.09,-5.47,4.619999999999999,4,13.2,1,0.05605531266470418
PM,2020,2020.1,82.2962905,8.032623255870694,0.005561644400378337,0.025817797872746524,3.0174199193548388,6687133.870967742,13.8,3.5,-9.56,11.41,-4.39,4.74,4,13.33,1,0.05759676373262535
PM,2020,2020.2,72.91460284126984,2.560995842324485,-0.002884670140739446,0.01871988562397549,2.0057144920634915,5507071.428571428,14.16,3.54,-10.2,13.25,-4.87,4.74,4,13.459999999999999,1,0.0650075542524542
PM,2020,2020.3,77.1495313125,2.86860601858551,4.0563524825645007e-4,0.012226222325519079,1.53999965625,4264457.8125,14.59,3.87,-10.95,11.99,-4.82,4.74,4,13.59,1,0.06143912891447483
PM,2020,2020.4,77.847812296875,4.486689098035998,9.508294645386472e-4,0.014034309007479439,1.555625562499998,5221409.375,15.61,4.38,-11.82,13.65,-5.22,4.74,4,13.719999999999999,1,0.060888030891913386
PM,2021,2021.1,84.91934408196721,3.232839852040211,0.001166688801113999,0.011760414501512665,1.5878690491803287,4856093.442622951,15.8,4.69,-14.27,16.02,-5.16,2.4,2,13.85,1,0.02826211184207256
PM,2021,2021.2,95.9482540952381,3.2915135333272607,0.0012890357308591835,0.00885258843533626,1.2712703015873026,4746717.46031746,17.42,5.14,-16.79,15.08,-5.42,2.4,2,13.979999999999999,1,0.02501348276350879
PM,2021,2021.3,100.52058766666667,2.2917537222278974,9.72913887469078e-4,0.007546043766511414,1.3676472549019612,3398127.4509803923,17.9,5.28,0,15.5,NA,2.4,2,0,1,0.02387570601913479
RLX,2021,2021.3,5.632352941176471,1.3725255381744912,-0.008127300042029354,0.06325952069424001,0.5060784313725489,13760043.137254901,Inf,Inf,3.27,Inf,NA,0,0,0,0,0
TPB,2017,2017.1,13.548064516129033,0.9085835467050922,0.002637970196420372,0.0160601649448476,0.4042903225806451,36754.83870967742,11.19,1.27,7.99,79.77,7.06,0,0,0,0,0
TPB,2017,2017.2,15.982222301587301,0.49817564862398045,-0.002193873562010841,0.028468250800984876,0.6129839999999999,32115.873015873014,8.86,1.18,6.81,12.31,5.95,0,0,0,0,0
TPB,2017,2017.3,16.11444438095238,0.9440095447091527,0.0015750103712617299,0.02237033547869517,0.5177779523809524,21880.95238095238,9.59,1.2,6.41,11.82,4.78,0,0,0,0,0
TPB,2017,2017.4,17.631111126984127,0.963789727770174,0.002074219115573771,0.01772554630890749,0.5503807777777778,45703.1746031746,19.87,1.42,7.44,14.57,4.29,0,0,0,0,0
TPB,2018,2018.1,21.120491786885246,0.6441413481903931,-0.001717962441759482,0.02074333173837606,0.8116720491803276,63309.83606557377,17.47,1.28,6.67,9.7,4.07,0,0,0,0,0
TPB,2018,2018.2,24.936406421875,4.239679379567901,0.005530227264215684,0.017728319998998977,0.8612343281249998,83996.875,26.52,2.04,9.29,22.8,3.74,0,0,0,0,0
TPB,2018,2018.3,35.136348777777776,3.7189020168123963,0.005144641856855381,0.030676864745886705,1.2557937460317457,126663.49206349206,33.93,2.58,10.33,101.05,3.37,0,0,0,0,0
TPB,2018,2018.4,35.159206539682536,5.778340029768271,-0.005794152686821567,0.02644227607634166,1.6113493015873015,129039.68253968254,21.08,1.59,6.34,49.05,3.11,0,0,0,0,0
TPB,2019,2019.1,38.30672127868853,6.516222729374839,0.008367097724156123,0.028581702902373878,1.4951967540983608,128668.85245901639,31.29,2.58,10,57.18,2.91,0,0,0,0,0
TPB,2019,2019.2,48.211269984126986,3.707740045716817,0.002173494054790763,0.030527826146618208,1.9314448095238095,138684.12698412698,29.43,2.66,9.3,37.84,2.54,0,0,0,0,0
TPB,2019,2019.3,38.094218796875,9.683999095343173,-0.012046438586802485,0.0356107186162618,2.0490780156250006,307190.625,14.69,1.21,4.69,16.56,3.77,0,0,0,0,0
TPB,2019,2019.4,25.062968734375,2.2217180148514286,0.0016470434766546293,0.0237173598693531,1.0471407812499995,211831.25,41.59,1.57,5.22,17.12,3.19,0,0,0,0,0
TPB,2020,2020.1,23.404354725806453,3.7062067464084687,6.528678704812088e-4,0.04615771627260936,1.3860806612903227,171850,41.05,1.16,3.89,12.42,3.27,0,0,0,0,0
TPB,2020,2020.2,22.96269823809524,1.7530372108799255,-7.621495477652864e-4,0.0255484701686478,1.2057142063492063,102638.09523809524,77.36,1.38,4.31,18.36,3.18,0,0,0,0,0
TPB,2020,2020.3,29.39734378125,2.063901641975375,-0.0014128551358006118,0.024780941898913354,1.19317175,205214.0625,67.73,1.51,4.53,11.73,3.08,0,0,0,0,0
TPB,2020,2020.4,37.77984390625,5.2872434326895625,0.0038690172174626735,0.02665131303897916,1.4945003125,155678.125,26.43,2.25,7.23,23.34,3.22,0,0,0,0,0
TPB,2021,2021.1,49.84852472131148,3.710111026768162,0.002138301782928715,0.024643695046139127,2.330934557377049,210742.62295081967,24.9,2.61,7.94,23.17,4.02,0,0,0,0,0
TPB,2021,2021.2,46.24079382539683,2.7884332000191234,-0.004128837379723049,0.019373540294013312,1.5144448095238094,182282.53968253967,19.45,2.19,6.44,16.37,3.69,0,0,0,0,0
TPB,2021,2021.3,48.3841177254902,2.4187724672703474,-0.0018465726322712264,0.021531395486832056,1.6634898431372551,199258.82352941178,18.77,2.12,6.22,15.79,NA,0,0,0,0,0
UVV,2006,2006.4,42.47142836507936,5.211184730022188,0.0035568629177324712,0.011007082255774825,0.7098412539682537,240982.53968253967,0,0.38,0.67,9.2,1.34,1.72,4,4.89,1,0.04049781385299981
UVV,2007,2007.1,52.50967209836065,4.484147669367115,0.0036220639982261797,0.01261285250863629,1.1667212459016398,300877.04918032786,26.1,0.45,0.85,3.7,1.26,1.76,4,4.96,1,0.03351763455508127
UVV,2007,2007.2,63.36079328571429,1.411641631588812,6.297747705803321e-4,0.011331310262812344,1.1774599999999997,356176.1904761905,16.1,0.46,0.85,4.22,1.27,1.76,4,5.01,1,0.027777429996237443
UVV,2007,2007.3,52.38698401587302,5.157064495493306,-0.005445721344074202,0.028289269618502484,2.010635079365079,471411.1111111111,8.31,0.36,0.67,2.65,1.15,1.76,4,5.06,1,0.033596131425827604
UVV,2007,2007.4,50.761249796875,2.2967662920979026,-0.0016806916238382287,0.02374982636129948,1.75687540625,316204.6875,7.05,0.38,0.68,2.33,1.09,1.76,4,5.11,1,0.03467211715713805
UVV,2008,2008.1,55.84803262295082,6.627248326486669,0.00407356953177868,0.024371581961014823,1.931639327868853,416590.1639344262,10.01,0.52,0.87,13.33,0.96,1.35,3,5.16,1,0.0241727404994606
UVV,2008,2008.2,57.256406140625,7.1961553749287335,-0.005118985933283415,0.021549255055491472,1.5140625625000002,445515.625,6.77,0.35,0.6,0,1.3,1.35,3,5.1899999999999995,1,0.02357814768681644
UVV,2008,2008.3,50.40234384375,2.7257034342677353,0.002456050468145279,0.021079306770988862,1.7118749843749994,344017.1875,7.13,0.35,0.66,0,1.13,1.35,3,5.22,1,0.02678446867838276
UVV,2008,2008.4,36.62015621875,4.938329374471211,-0.0038569730999487924,0.03334390143599159,2.0800002343750004,339759.375,4.15,0.2,0.4,0,1.01,1.35,3,0,1,0.03686494377401871
UVV,2009,2009.1,30.928524344262296,2.2987037665058674,0.0015109365439650976,0.027645665673697327,1.3078688524590165,328352.45901639346,3.97,0.2,0.41,6.59,1.07,0.92,2,0,1,0.029746003713580788
UVV,2009,2009.2,33.34650788888889,2.4495094842251324,7.701389855953024e-4,0.024334997129279227,1.2546030793650793,325484.126984127,3.73,0.22,0.44,3.33,1.09,0.92,2,4.4,1,0.027589095777748457
UVV,2009,2009.3,38.434374828125,2.840891904147925,0.002902128370680709,0.019210356780000055,1.180313156249999,304070.3125,4.44,0.29,0.54,6.53,1.05,0.92,2,4.43,1,0.02393690554651027
UVV,2009,2009.4,44.64718740625,1.8006627362677057,7.07546345645817e-5,0.01787163651784347,1.1218750156249997,245229.6875,5.12,0.32,0.58,7.08,0.93,0.92,2,0,1,0.020606001261150274
UVV,2010,2010.1,51.14868865573771,3.1453314229267795,0.0021251532174851586,0.01547449317067152,1.2580327540983602,222663.9344262295,5.53,0.37,0.68,8.49,1.1,1.41,3,4.03,1,0.02756668913821372
UVV,2010,2010.2,47.706984126984125,6.529319133604589,-0.0034396123086730974,0.023347017686869344,1.5315870952380957,272568.25396825396,4.69,0.29,0.52,0,1.2,1.41,3,4.0600000000000005,1,0.02955542098923987
UVV,2010,2010.3,39.35281265625,2.616063584956824,-8.954280125626729e-5,0.021779809025697747,1.1209376093749999,241795.3125,4.79,0.29,0.5,0,1.15,1.41,3,4.09,1,0.03582971342649543
UVV,2010,2010.4,41.12203134375,1.2327671575177221,-3.333285694157347e-4,0.014705182965186513,0.8498439062500001,256384.375,4.66,0.3,0.5,0,0.95,1.41,3,0,1,0.034288189418791956
UVV,2011,2011.1,40.571935790322584,1.761187709196354,6.308580775902981e-4,0.012343435578508049,0.7949998709677417,269858.06451612903,5,0.31,0.53,37.89,0.86,1.92,4,3.68,1,0.04732335203138046
UVV,2011,2011.2,41.31936511111111,2.7125208122460203,-0.0030956543131772304,0.01260645097556271,0.8730162698412697,221412.6984126984,4.67,0.26,0.46,6.2,0.99,1.92,4,3.71,1,0.046467316108003226
UVV,2011,2011.3,37.825468703125,1.4424349637365643,-4.356652873826091e-4,0.016853400872188635,1.0734378593749985,267434.375,8.22,0.24,0.45,3.53,0.97,1.92,4,3.7399999999999998,1,0.05075945033409135
UVV,2011,2011.4,42.96142853968254,2.7458502975733827,0.003124718153371195,0.017978063070461917,1.2249210317460315,353844.44444444444,9.82,0.31,0.57,4.53,0.87,1.92,4,3.77,1,0.04469125132155551
UVV,2012,2012.1,46.51709685483871,0.7250511722864773,-9.764390093061095e-4,0.011844910362717523,0.9166133870967739,189933.87096774194,10.2,0.32,0.59,4.78,0.88,1.96,4,4.25,1,0.04213504566109053
UVV,2012,2012.2,45.45047626984127,0.7149744724704694,-2.3200724152933367e-4,0.008022577771067099,0.6892063174603181,195839.68253968254,9.34,0.34,0.59,2.94,0.95,1.96,4,4.74,1,0.043123860536981015
UVV,2012,2012.3,47.42634922222222,1.766321247791793,4.1365406199822996e-4,0.010713982820663343,0.7101587460317461,161839.68253968254,6.21,0.39,0.64,3.56,0.83,1.96,4,4.77,1,0.04132723754080605
UVV,2012,2012.4,49.77903225806452,1.3424954458850609,6.115082367192695e-5,0.015266276178518747,1.0966130967741943,151067.74193548388,7.21,0.39,0.61,3.05,0.8,1.96,4,4.8,1,0.0393740077114992
UVV,2013,2013.1,54.93600013333333,1.764730838669321,2.0817548680549368e-4,0.010748177655923874,0.9218331166666666,168176.66666666666,8.16,0.44,0.69,5.23,0.79,2,4,5.29,1,0.03640599962039222
UVV,2013,2013.2,58.130937515625,1.9630956683227367,2.890538441757649e-4,0.012374520154103424,1.1593749999999996,160473.4375,6.71,0.46,0.7,39.19,0.85,2,4,5.32,1,0.034405087643088854
UVV,2013,2013.3,55.335781234375,5.270890569113889,-0.004121464656225237,0.013749541857809591,1.1065630937499997,199284.375,6.87,0.42,0.6,0,0.83,2,4,5.35,1,0.036142979377646975
UVV,2013,2013.4,51.944531125,1.2496852823499653,-1.2265433401973847e-4,0.013542319048470638,1.0392189218749992,190806.25,7.28,0.43,0.64,0,0.68,2,4,5.38,1,0.038502609546848615
UVV,2014,2014.1,54.71836068852459,2.113634681191782,-6.717663304690736e-4,0.01561687720492789,1.2916394426229503,253018.03278688525,7.5,0.44,0.65,0,0.61,2.55,5,5.88,1,0.046602273312160464
UVV,2014,2014.2,54.471111,1.2086476336068959,2.6271626577052063e-4,0.011462513588151289,1.0636509365079367,189441.26984126985,12.82,0.46,0.66,31.51,0.73,2.55,5,5.91,1,0.04681380557852032
UVV,2014,2014.3,51.5573438125,3.2026077421595924,-0.003042636412709664,0.013168534000080067,0.9914064687499994,244014.0625,12.02,0.38,0.54,0,0.8,2.55,5,5.9399999999999995,1,0.04945949134372892
UVV,2014,2014.4,42.135312375,1.7787304084525373,5.199049964974954e-4,0.016389248843860883,1.1114061250000007,381421.875,10.11,0.39,0.54,0,0.64,2.55,5,5.97,1,0.06051930925076
UVV,2014,2014.4,42.135312375,1.7787304084525373,5.199049964974954e-4,0.016389248843860883,1.1114061250000007,381421.875,10.11,0.39,0.54,0,0.64,2.55,5,5.97,1,0.06051930925076
UVV,2015,2015.1,44.235409803278685,3.1765230969196057,1.0506996132763676e-4,0.015998116087533102,1.0680328852459018,282624.59016393445,8.99,0.4,0.56,5.64,0.57,2.6,5,6.51,1,0.05877644203054926
UVV,2015,2015.2,50.58301574603175,3.716216541384457,0.001558849799988344,0.009601185452629812,0.9900000952380951,272531.74603174604,11.98,0.49,0.7,6.9,0.59,2.6,5,6.54,1,0.05140065220812721
UVV,2015,2015.3,52.526718796875,3.8715796019918987,-9.80268050150328e-4,0.016571161413162745,1.1585937812500005,275253.125,9.57,0.45,0.61,2.27,0.62,2.6,5,6.57,1,0.04949861821855667
UVV,2015,2015.4,54.70531253125,1.7839982543626682,0.002059530206633066,0.013546998530139132,1.2734375,196100,11.75,0.55,0.68,6.41,0.57,2.6,5,6.6,1,0.04752737677012209
UVV,2015,2015.4,54.70531253125,1.7839982543626682,0.002059530206633066,0.013546998530139132,1.2734375,196100,11.75,0.55,0.68,6.41,0.57,2.6,5,6.6,1,0.04752737677012209
UVV,2016,2016.1,54.290491918032785,1.5362848870956989,0.0015264193311584785,0.012415045685260206,1.3029509016393435,213126.22950819673,11.76,0.55,0.68,8.5,0.54,2.6500000000000004,5,7.15,1,0.04881149362214184
UVV,2016,2016.2,55.08828134375,1.0116442201809694,0.00136570460378565,0.012923512942351938,1.1229689062499992,148195.3125,11.97,0.56,0.71,4.01,0.55,2.6500000000000004,5,7.18,1,0.04810460474277719
UVV,2016,2016.3,59.007500046875,1.5458886097938804,-6.756270219502903e-4,0.011504389805237365,0.9142186875,161553.125,11.89,0.57,0.72,3.99,0.54,2.6500000000000004,5,7.21,1,0.044909545361095884
UVV,2016,2016.4,57.08968274603175,3.3172307332666415,4.828378226130785e-4,0.014583547048591187,1.106190222222222,183014.2857142857,12.13,0.61,0.86,4.32,0.5,2.6500000000000004,5,7.24,1,0.04641819454118791
UVV,2016,2016.4,57.08968274603175,3.3172307332666415,4.828378226130785e-4,0.014583547048591187,1.106190222222222,183014.2857142857,12.13,0.61,0.86,4.32,0.5,2.6500000000000004,5,7.24,1,0.04641819454118791
UVV,2017,2017.1,69.70564496774193,3.5933349814630144,0.0011518866191697903,0.022880267625916235,1.7646772903225805,417811.29032258067,72.05,0.7,1.07,6.16,0.6,2.7,5,7.800000000000001,1,0.03873430912588922
UVV,2017,2017.2,69.38888912698413,3.253774782924826,-0.0010842287259596776,0.011067381907131026,1.220317555555556,191431.74603174604,39.23,0.66,0.99,13.21,0.59,2.7,5,7.83,1,0.038911128769606104
UVV,2017,2017.3,59.77936480952381,3.3076724954452286,-0.0016914982317491054,0.012859452755441444,1.235713238095238,165538.09523809524,32.13,0.57,0.87,0,0.61,2.7,5,7.86,1,0.04516608713731008
UVV,2017,2017.4,55.55000019047619,2.131692569600995,-5.943928407060921e-4,0.015675060740806636,1.2647621587301587,226401.5873015873,32.92,0.51,0.78,46.22,0.57,2.7,5,7.890000000000001,1,0.048604860319386704
UVV,2017,2017.4,55.55000019047619,2.131692569600995,-5.943928407060921e-4,0.015675060740806636,1.2647621587301587,226401.5873015873,32.92,0.51,0.78,46.22,0.57,2.7,5,7.890000000000001,1,0.048604860319386704
UVV,2018,2018.1,49.58524575409836,1.7117812367337681,-0.002039745599322834,0.01553044421129031,1.2745901147540983,254306.55737704918,9.65,0.5,0.72,19.45,0.57,3.35,5,7.95,1,0.06756041941615493
UVV,2018,2018.2,55.37421896875,8.533691372473461,0.0038907640940317174,0.03514819638283323,1.5117186874999997,240167.1875,12.17,0.66,1.01,0,0.59,3.35,5,7.98,1,0.060497467276072026
UVV,2018,2018.3,63.72301607936508,3.8632345487693938,-5.238460184207136e-4,0.024905175772222694,1.6576191428571425,181263.49206349207,11.54,0.64,0.99,25.09,0.65,3.35,5,8.01,1,0.05257127182786949
UVV,2018,2018.4,64.40380988888889,4.153020883061983,-0.0032725931098441896,0.015579135640274031,1.8465079047619049,167487.3015873016,11.33,0.54,0.83,0,0.6,3.35,5,8.24,1,0.05201555631226641
UVV,2018,2018.4,64.40380988888889,4.153020883061983,-0.0032725931098441896,0.015579135640274031,1.8465079047619049,167487.3015873016,11.33,0.54,0.83,0,0.6,3.35,5,8.24,1,0.05201555631226641
UVV,2019,2019.1,57.4565571147541,2.0086745624876876,6.36764768171975e-4,0.015847589112678324,1.380819770491803,164636.0655737705,12.1,0.57,0.9,10.02,0.55,3.02,4,8.700000000000001,1,0.052561450801313386
UVV,2019,2019.2,56.028253825396824,3.189534415627164,3.67353412783813e-4,0.01864080033745968,1.353651,179007.9365079365,14.48,0.63,0.98,7.38,0.61,3.02,4,8.92,1,0.05390137642717461
UVV,2019,2019.3,56.049531359375,3.9557610851270857,-0.0011180469377278914,0.013918473168037234,1.3301563124999998,139990.625,13.71,0.59,0.9,19.07,0.66,3.02,4,9.14,1,0.053880914376188915
UVV,2019,2019.4,53.978906234375,1.8378206773647559,-2.0228980246913623e-4,0.011801535869361874,1.0365624062499987,135181.25,14.76,0.66,0.93,23.11,0.59,3.02,4,9.370000000000001,1,0.05594778054388947
UVV,2020,2020.1,49.91080641935484,5.3019995615337345,-8.609081986861714e-4,0.026349981462368596,1.614354677419355,179914.51612903227,14.07,0.53,0.76,0,0.65,3.06,4,9.07,1,0.06130936804125383
UVV,2020,2020.2,43.98317455555556,2.026007476256337,-0.003746385458956526,0.022523560962175095,1.587618777777778,202153.96825396825,12.81,0.51,0.75,11.12,0.65,3.06,4,9.290000000000001,1,0.06957205865472228
UVV,2020,2020.3,42.8098435625,1.4745053111469082,-0.001050416386552109,0.014112327140892163,1.0181251875000004,142242.1875,17.46,0.54,0.76,10.62,0.75,3.06,4,9.51,1,0.07147888768928973
UVV,2020,2020.4,45.031093484375,3.344307809452012,0.0011674481554418675,0.015090082738030846,1.1300000156249996,134245.3125,18.21,0.58,0.87,6.62,0.81,3.06,4,9.74,1,0.06795304673340359
UVV,2021,2021.1,52.493606393442626,3.7725404250751917,0.0019355147102146576,0.017722991098010215,1.4532792786885245,152734.4262295082,16.35,0.72,1.04,9.22,0.74,2.3200000000000003,3,9.43,1,0.044195858493917634
UVV,2021,2021.2,57.71698422222222,1.486194036307067,-0.0014045320932887222,0.014074912087436867,1.07682546031746,120907.93650793651,16.14,0.69,1.03,60.54,0.79,2.3200000000000003,3,9.65,1,0.04019614037815151
UVV,2021,2021.3,51.418823411764706,2.2622270581784156,-0.0036263423859462444,0.011122941080242659,0.9986271960784322,104303.92156862745,13.77,0.59,0.88,51.65,NA,2.3200000000000003,3,9.870000000000001,1,0.04511966330737122
VGR,2006,2006.4,9.118749396825397,0.35205359137020975,7.985138195457373e-4,0.009706579807581463,0.1513521111111109,419892.1746031746,11.56,0.83,4.4,11.75,5.71,1.54,4,4.55,1,0.168882807606944
VGR,2007,2007.1,9.695143655737706,0.2587279122342547,0.0017571801176355175,0.012067707645064343,0.22438681967213123,452719.6393442623,9.31,0.88,4.26,7.1,5.03,1.58,4,4.6,1,0.16296818862141735
VGR,2007,2007.2,10.303975523809523,0.6544016788770181,0.001907542204769457,0.013835849768307179,0.20421580952380947,617065.2222222222,7.71,1.07,5.36,7.47,4.79,1.58,4,4.65,1,0.15333887355895542
VGR,2007,2007.3,12.077786761904761,0.41016573190978256,-0.0010157948318142262,0.014131046593982283,0.2778294285714287,647763.0952380953,8.26,1.08,5.72,4.99,6.53,1.58,4,4.7,1,0.13081866993906272
VGR,2007,2007.4,12.067710984375,0.2958806095725094,-0.001477800537818581,0.014011037664339553,0.27050121874999977,441572.984375,7.6,0.98,4.96,5.13,6.79,1.58,4,4.72,1,0.13092789527738513
VGR,2008,2008.1,10.239053475409836,0.3249726163615741,-0.001788388587029736,0.016514325696986836,0.2656387868852461,457413.4426229508,7.65,0.88,5.35,5.44,8.02,1.94,5,4.76,1,0.18947063853696183
VGR,2008,2008.2,9.669742890625,0.2278618793648604,-0.0019050367992121877,0.01201674770414155,0.18549642187500015,398141.3125,7.76,0.79,4.79,5.03,7.33,1.94,5,4.640000000000001,1,0.20062581000792346
VGR,2008,2008.2,9.669742890625,0.2278618793648604,-0.0019050367992121877,0.01201674770414155,0.18549642187500015,398141.3125,7.76,0.79,4.79,5.03,7.33,1.94,5,4.640000000000001,1,0.20062581000792346
VGR,2008,2008.3,10.180340953125,0.49048455194680496,0.0013071715143229906,0.015921413206043452,0.26812153124999993,441441.328125,8.72,0.88,5.67,6.16,7.87,1.94,5,5.0600000000000005,1,0.1905633621636699
VGR,2008,2008.4,8.7202175,0.7201910398157925,-0.00200088045372454,0.02870434779155323,0.4022410624999998,421956.6875,7.95,0.71,11.26,5.04,20.36,1.94,5,5.04,1,0.22247151518869798
VGR,2009,2009.1,7.905534950819672,0.4876345318192175,0.0019586540095268856,0.025252825652868374,0.2503577540983607,472143.40983606555,10.13,0.71,69.34,4.5,121.6,1.58,4,5.0600000000000005,1,0.1998599727696075
VGR,2009,2009.2,8.285369603174603,0.395640253392321,0.0030628795309139583,0.01268320739397756,0.18310669841269842,464118.20634920633,29.87,0.71,164.15,4.56,283.14,1.58,4,5.08,1,0.19069758811901535
VGR,2009,2009.3,8.976585640625,0.4913940187049449,0.0014184796392373417,0.013237523974573194,0.16706754687500006,389318.40625,30.32,0.69,49.27,22.94,76.37,1.58,4,5.1000000000000005,1,0.17601347140826606
VGR,2009,2009.4,8.9292723125,0.326070976378032,-0.001968537359256383,0.009288896826285276,0.15194356250000005,446879.5625,19.15,0.55,-92.53,245.2,-158.1,1.58,4,5.1000000000000005,1,0.17694610990731838
VGR,2010,2010.1,8.985777868852459,0.372547299407761,6.302550227344195e-4,0.008717612815340706,0.12872042622950822,505176.262295082,16.12,0.57,-38.33,0,-56.61,1.58,4,5.1000000000000005,1,0.17583341398598096
VGR,2010,2010.2,9.943835555555555,0.28441193142386095,5.802844559071744e-5,0.011528437917373699,0.1945032539682541,491437.4603174603,10.5,0.61,-29.05,0,-44.37,1.58,4,5.1000000000000005,1,0.15889241039563093
VGR,2010,2010.3,11.63916696875,0.5091546197433537,0.0019918796268791695,0.010635344420425241,0.18802060937499984,624666.546875,13.14,0.65,-17.08,7.95,-23.79,1.58,4,5.1000000000000005,1,0.13574854663071181
VGR,2010,2010.4,11.76229975,0.3726423994788212,-0.0020655952534329395,0.011211844398324403,0.16367021875000015,582693.5,12.8,0.59,-12.52,13.89,-21.54,1.58,4,5.1000000000000005,1,0.13432747282265103
VGR,2011,2011.1,10.804789096774194,0.33442655984720526,1.4249386998223902e-4,0.009444777363260767,0.15283469354838716,652476.1290322581,11.15,0.57,-10.09,13.85,-16.07,1.58,4,5.1000000000000005,1,0.14623145216890115
VGR,2011,2011.2,11.731779952380952,0.3533220030471349,-4.870224324306431e-5,0.009831123796278356,0.17343057142857143,441951.3015873016,9.11,0.59,-13.09,13.57,-19.8,1.58,4,5.1000000000000005,1,0.13467692084348554
VGR,2011,2011.3,11.689061109375,0.31762526804736807,6.002396569496212e-4,0.01531639547299439,0.24734343749999985,616901.25,8.27,0.6,-9.67,23.5,-14.96,1.58,4,4.720000000000001,1,0.13516911112157584
VGR,2011,2011.4,11.913662,0.16867557457285826,-2.844385400067718e-6,0.01001063609735698,0.20122552380952388,596345.5396825396,9.21,0.62,-7.27,15.4,-11.42,1.58,4,4.74,1,0.13262085159038423
VGR,2012,2012.1,12.068373274193549,0.21516731580766266,-0.0013211946895064404,0.008146468581030122,0.14835879032258065,758659.0645161291,14.74,0.63,-5.21,9.47,-7.68,1.58,4,4.74,1,0.1309207101986644
VGR,2012,2012.2,11.502079222222223,0.23241438729329467,-6.909609542117759e-4,0.006688450737092941,0.13354149206349206,577225.380952381,32.85,0.62,-5.81,14.32,-8.41,1.58,4,4.74,1,0.13736646822492857
VGR,2012,2012.3,11.623657777777778,0.17954152834915324,-4.3737892785484297e-4,0.006229042406327045,0.12613919047619043,524229.55555555556,31.45,0.62,-6.84,10.96,-9.6,1.58,4,4.74,1,0.1359296729314123
VGR,2012,2012.4,11.344766629032257,0.4492251450432427,-3.4391125620969053e-4,0.012181583647926538,0.17709730645161292,979516.7258064516,24.57,0.57,-8.02,8.64,-14.71,1.58,4,4.74,1,0.1392712650392156
VGR,2013,2013.1,11.14608905,0.2318281031791477,2.44179626340891e-4,0.007312535599487749,0.14308380000000007,701936.7166666667,21.82,0.65,-6.84,33.93,-10.85,1.54,4,4.74,1,0.1381650544053387
VGR,2013,2013.2,11.414097359375,0.14762169925445767,4.799681837541849e-4,0.010362049228091337,0.16723228125000014,523832.6875,17.65,0.68,-5.89,34.99,-9.26,1.54,4,4.720000000000001,1,0.1349208747317296
VGR,2013,2013.3,11.8262425625,0.2099941545897624,4.7797011154258553e-4,0.006977433810206699,0.15137514062500015,459475.828125,0,0.7,-4.02,24.6,-6.82,1.54,4,4.7,1,0.1302188748337708
VGR,2013,2013.4,12.174737453125,0.16799372129952123,4.354767973628706e-4,0.00852750114542427,0.15612229687500007,563091.390625,25.56,0.72,-36.66,20.2,-59.51,1.54,4,4.7,1,0.12649143408055297
VGR,2014,2014.1,14.135154655737704,1.3204272196397007,0.005502434721621373,0.016161742735175698,0.3442376721311475,1623699.4426229508,29.87,0.89,-90.67,127.35,-117.04,1.58,4,4.7,1,0.1117780483115302
VGR,2014,2014.2,15.45056746031746,0.3700498607703503,-4.094957098259416e-4,0.013073346866579084,0.3322434603174604,1301232.8412698412,34.98,0.79,-36.13,12.67,-53.8,1.58,4,4.7,1,0.10226161621946901
VGR,2014,2014.3,16.544644640625,1.0263073123939443,0.0013137449269158589,0.009856565210511634,0.300322609375,1127656.546875,14.8,0.83,-169.49,17.88,-209.9,1.58,4,4.7,1,0.09549918020725244
VGR,2014,2014.4,16.810921171875,0.44124165407244675,-6.779925052050251e-4,0.015163959586152511,0.3751128906250001,996213.5625,33.74,0.77,-63.12,14.68,-69.82,1.58,4,4.7,1,0.09398652125282529
VGR,2015,2015.1,17.45092613114754,0.48715838810392664,1.6738815589690417e-4,0.011010554018591492,0.35361432786885244,960763.8852459016,24.85,0.82,55.77,9.57,57.87,1.58,4,4.7,1,0.09053960736100498
VGR,2015,2015.2,17.534196253968254,0.3192694295018718,6.283824586634612e-4,0.007887705655836661,0.24737042857142905,746855.6507936508,23.58,0.91,-956.54,12.64,-879.06,1.58,4,4.7,1,0.09010963360481505
VGR,2015,2015.3,19.052565015625,0.5000147310274888,5.846050252939126e-4,0.011293254744767705,0.347402203125,828117.9375,25.84,0.94,-28.93,11.52,-25.62,1.58,4,4.7,1,0.08292846651903525
VGR,2015,2015.4,19.71657903125,0.5910472855298375,4.4384409126707163e-4,0.010580747150314915,0.33165218750000036,769018.515625,30.67,1.01,-13.74,12.56,-11.48,1.58,4,4.7,1,0.08013560554778608
VGR,2016,2016.1,18.780409377049182,0.33452864796452375,2.899128220038793e-4,0.01030620763055313,0.39975226229508143,893110.131147541,30.97,0.99,-11.28,13.77,-8.99,1.6,4,4.7,1,0.0851951609721191
VGR,2016,2016.2,17.7386224375,0.4236433147840695,5.941156910243096e-4,0.011046664618668243,0.32021106250000014,893752.265625,27.5,0.97,-9.9,13.09,-9.43,1.6,4,4.720000000000001,1,0.0901986614596154
VGR,2016,2016.3,18.403616671875,0.41170956307641565,-3.962159115582928e-4,0.008023010216403514,0.24449706249999958,560961.515625,24.04,1,-8.83,16.38,-8.38,1.6,4,4.74,1,0.08693943307595467
VGR,2016,2016.4,18.316510571428573,0.6795231288981318,-4.865265663815301e-5,0.011460522765564014,0.3116668730158731,879815.2380952381,26.19,1.08,-7.08,25.81,-6.54,1.6,4,4.76,1,0.0873528827317031
VGR,2017,2017.1,18.95524427419355,0.8161031659549409,-0.0014516281069817927,0.00954632004635857,0.27364154838709664,985741.9354838709,36.13,0.99,-6.73,16.6,-6.25,1.6,4,4.76,1,0.08440935800433372
VGR,2017,2017.2,18.54439914285714,0.4400321234654117,2.1842299416919428e-4,0.008574964580122182,0.2620308571428568,667820.9682539683,36.79,1.02,-6.5,16.65,-5.99,1.6,4,4.76,1,0.08627941987628548
VGR,2017,2017.3,18.312767253968254,0.3900537458344463,-5.436938380254862e-4,0.010957604793536132,0.29288876190476176,692538.1904761905,42.56,1.04,-5.97,11.7,-5.43,1.6,4,4.76,1,0.08737073855690984
VGR,2017,2017.4,19.62351084126984,0.8215520024127471,0.0013719620929793005,0.0077637618724068335,0.2811791269841272,681443.126984127,27.83,1.15,-6.03,18.56,-5,1.6,4,4.78,1,0.08153484934179413
VGR,2018,2018.1,18.864874950819672,0.6202424029395665,-0.0011426945058223793,0.011169428751630187,0.3358981967213116,784582.524590164,23.05,1.06,-4.95,15.43,-4.3,1.6,4,4.78,1,0.08481370823666555
VGR,2018,2018.2,17.7699829375,0.45361209246839007,-0.001217804677855712,0.009638279642274162,0.27465976562499966,815104.21875,24.79,1.01,-4.35,15.85,-4.11,1.6,4,4.78,1,0.09003947868872286
VGR,2018,2018.3,15.360961761904763,1.3864187735566922,-0.0037768312757227693,0.014050716541260711,0.324500492063492,1340599.8412698412,21.48,0.77,-3.07,12.19,-3.85,1.6,4,4.78,1,0.10416014470968904
VGR,2018,2018.4,11.907331825396826,1.4614828289298483,-0.006058092750837464,0.01702097363751959,0.38669685714285723,2066586.6666666667,20.88,0.56,-1.85,6.43,-3.83,1.6,4,4.800000000000001,1,0.13437099288586243
VGR,2019,2019.1,10.486182639344262,0.5616825724390967,0.001067132985033066,0.020238729373142184,0.3019516393442623,1206143.6065573771,21.5,0.65,-2.08,8.48,-3.42,1.6,4,4.800000000000001,1,0.15258174066097077
VGR,2019,2019.2,9.418140634920634,0.4949210714567331,-5.508923983622224e-4,0.022709596612274566,0.28601650793650774,1204440,14.6,0.6,-1.9,8.02,-3.4,1.6,4,4.800000000000001,1,0.16988491274673806
VGR,2019,2019.3,10.801063953125,1.1842899998393712,0.001194923813043424,0.02536854920042134,0.418682984375,2022978.59375,14.81,0.79,-2.42,9.95,-3.37,1.6,4,4.800000000000001,1,0.148133554892718
VGR,2019,2019.4,12.3309375,0.7821292036932526,0.004995779908422857,0.02253577026361334,0.37984375000000004,1228131.25,19.21,0.93,-2.59,15.82,-3.2,1.6,4,4.800000000000001,1,0.12975493550267367
VGR,2020,2020.1,12.429516129032258,1.3132395526660052,0.00379996141461627,0.03618888054083147,0.5709677419354838,1293014.5161290322,16.56,0.65,-1.76,6.11,-3.08,0.8,4,4.800000000000001,1,0.06436292384153225
VGR,2020,2020.2,10.773333333333333,0.8801411177173658,-0.0012577997711084531,0.02901641397595573,0.4817460317460317,1245204.761904762,22.15,0.75,-2.13,3.96,-3.29,0.8,4,4.6000000000000005,1,0.07425742574257425
VGR,2020,2020.3,9.60953125,0.6122905983156317,-0.0012673656729563115,0.02237114628878282,0.3407812499999999,784496.875,20.75,0.72,-2.11,5.97,-3.18,0.8,4,4.4,1,0.0832506788507504
VGR,2020,2020.4,11.05296875,0.9695796498589659,0.002027653371387283,0.02180337857028615,0.34859375000000004,688229.6875,18.9,0.84,-2.59,6.74,-3.04,0.8,4,4.2,1,0.07237874439842237
VGR,2021,2021.1,13.38032786885246,1.0148053462168902,0.001866073262287206,0.02452872188356671,0.48590163934426234,799639.344262295,16.51,0.98,-3.18,9.64,-3.14,0.4,2,4,1,0.029894633668218575
VGR,2021,2021.2,14.046349206349205,0.4745704393391157,-2.7370247521881684e-4,0.017975593518246083,0.35476190476190483,688193.6507936508,10.96,0.89,-3.62,16.13,-3.53,0.4,2,3.8000000000000003,1,0.02847715047687927
VGR,2021,2021.3,14.069019607843137,0.6466970075760697,-0.002413647663193883,0.01804003875633497,0.34039215686274504,457656.862745098,9.74,0.79,0,14.34,NA,0.4,2,0,1,0.028431263240049062
