avg_price,avg_pct_change,avg_range,avg_vol,pe_ratio,price_to_sales_ratio,price_to_book_ratio,price_to_fcf_ratio,debt_to_equity_ratio,num_per_year,pays_dividend,dividend_yield,BiasTerm
-0.0555666983127594,0.01286429911851883,-0.7419194579124451,0.22171281278133392,0.10454179346561432,0.002015964826568961,0.04198567941784859,0.07832770049571991,0.06112634018063545,0.0021824499126523733,-0.004854072816669941,2.2848199296277016e-4,0.33672234416007996
-0.053130943328142166,0.015119199641048908,-0.745571494102478,0.21377618610858917,0.1053154319524765,0.021700328215956688,0.040636900812387466,0.0790317952632904,0.06360567361116409,0.0027849741745740175,-0.004449843894690275,6.688848370686173e-4,0.33672234416007996
-0.06883656978607178,0.015890926122665405,-0.7454472780227661,0.20623323321342468,0.08436145633459091,-0.009701397269964218,0.024058569222688675,0.07238300889730453,0.06529591977596283,0.0011618288699537516,-0.00367749878205359,0.0011806376278400421,0.33672234416007996
-0.06472372263669968,0.010668661445379257,-0.7489833831787109,0.19075380265712738,0.09164909273386002,-0.021411271765828133,0.01770646497607231,0.05880087986588478,0.01881738193333149,0.001628294587135315,-0.0034410094376653433,9.682971867732704e-4,0.33672234416007996
-0.06618154793977737,0.013377051800489426,-0.748566746711731,0.20839262008666992,0.08537944406270981,-0.005075831897556782,0.028104938566684723,0.07484525442123413,0.06504072993993759,0.0014711683616042137,-0.0036384868435561657,0.0019190390594303608,0.33672234416007996
-0.172662153840065,0.017074991017580032,-0.10601761937141418,0.31346267461776733,0.04828624427318573,-0.168965145945549,0.07778819650411606,-0.027938637882471085,-0.03049146756529808,-0.0014513623900711536,-0.0017712028929963708,0.0014588547637686133,0.33672234416007996
-0.12946322560310364,0.01794895902276039,-0.10734301060438156,0.2708282172679901,0.0327046699821949,-0.0472618043422699,0.05331648141145706,-0.056430213153362274,-0.03838931396603584,-0.0025255263317376375,-0.001143137109465897,0.001155581441707909,0.33672234416007996
-0.1729717254638672,0.011162487789988518,-0.10748740285634995,0.26845791935920715,0.04014990106225014,-0.05044690519571304,0.0551612488925457,-0.0508527047932148,-0.021890126168727875,-0.002268956508487463,-0.001242330763489008,0.001126220216974616,0.33672234416007996
-0.08170584589242935,0.03118712082505226,-0.051961466670036316,0.17530791461467743,0.02024451084434986,0.02286410890519619,0.04456440731883049,-0.09865231812000275,0.019960585981607437,-0.0017150976927950978,-0.0017064606072381139,0.0024369254242628813,0.33672234416007996
-0.14000384509563446,-0.006890369113534689,-0.3937634527683258,0.18753202259540558,-0.010217690840363503,-0.02993936277925968,-7.876154268160462e-4,-0.060476139187812805,0.04393472522497177,-0.001409177086316049,5.416614003479481e-4,-4.02262230636552e-4,0.33672234416007996
-0.15775591135025024,-0.004278069827705622,-0.4307185113430023,0.17670194804668427,-0.005032083950936794,-0.025693055242300034,0.003949600737541914,-0.1162913516163826,0.03418538719415665,-0.0014719682512804866,8.714810246601701e-4,-2.4724783725105226e-4,0.33672234416007996
-0.17453281581401825,0.01275310106575489,-0.046053603291511536,0.17773017287254333,0.01628584787249565,-0.01853976957499981,-0.005539066158235073,-0.12950269877910614,0.018490081652998924,-0.0020807308610528708,-0.0011254900600761175,-0.0014769601402804255,0.33672234416007996
-0.14828263223171234,0.020242488011717796,-0.05182478949427605,0.1700395792722702,0.01141961570829153,0.031847674399614334,0.023795589804649353,-0.08404317498207092,0.01754247397184372,-0.0019915313459932804,2.471452462486923e-4,0.0018538201693445444,0.33672234416007996
-0.07319270074367523,0.03970126435160637,-0.05527354031801224,0.19912798702716827,0.03862108290195465,-0.06565950810909271,0.11791101098060608,-0.05161844938993454,0.0605597160756588,-0.002063531195744872,-0.0017028598813340068,0.002164773875847459,0.33672234416007996
-0.1266912966966629,0.011571505106985569,-0.06027969717979431,0.24017858505249023,0.027503864839673042,-0.19186602532863617,0.08086170256137848,-0.039439208805561066,0.027934368699789047,-0.0017607549671083689,-0.00439057732000947,0.001977078150957823,0.33672234416007996
-0.1802009493112564,0.02704067900776863,-0.05143718793988228,0.21115700900554657,0.038947250694036484,-0.11719147861003876,0.10984667390584946,-0.02458813041448593,0.010388596914708614,-0.0017486519645899534,-0.0029740685131400824,0.0027869022451341152,0.33672234416007996
-0.16215485334396362,0.01603624038398266,-0.047707222402095795,0.23422260582447052,0.030067553743720055,-0.1983158439397812,0.06407297402620316,-0.04608731344342232,-7.052613073028624e-4,-0.0016744688618928194,-0.0019465906079858541,0.0017883210675790906,0.33672234416007996
-0.07044363766908646,7.845344371162355e-4,-0.6478508710861206,0.30769744515419006,0.010918006300926208,0.03511664643883705,0.009080425836145878,-0.03521549701690674,0.02714714966714382,-0.0017949610482901335,-0.0022105437237769365,0.0013596448116004467,0.33672234416007996
-0.1286582201719284,-0.004542873706668615,-0.5186032652854919,0.28630751371383667,0.015723947435617447,-0.12052861601114273,0.001031434047035873,-0.05850249528884888,0.0028059028554707766,-0.002040859078988433,-0.0022708664182573557,0.0013809030642732978,0.33672234416007996
-0.07917813211679459,0.005399602465331554,-0.7207733988761902,0.31133323907852173,0.0036281051579862833,0.019994104281067848,-0.01886034943163395,-0.02783309482038021,0.04515616595745087,-0.0022714929655194283,-0.00214750855229795,0.0014571513747796416,0.33672234416007996
-0.11026784777641296,-0.012293269857764244,-0.4573391377925873,0.19808149337768555,-0.005976949352771044,-0.04164601489901543,-0.03003895841538906,-0.09109106659889221,-0.015085634775459766,-0.0026532234624028206,-0.0038876121398061514,0.0014713421696797013,0.33672234416007996
-0.13781645894050598,0.009134282357990742,-0.03704807162284851,0.19915394484996796,0.013995354995131493,0.017111942172050476,-0.01702066883444786,-0.12401083111763,-0.08049290627241135,-0.0022436492145061493,-0.0010276315733790398,-9.726883145049214e-4,0.33672234416007996
-0.1444884091615677,0.005780417006462812,-0.03487391024827957,0.23387646675109863,0.028354337438941002,0.02031303569674492,0.02796177566051483,-0.12766660749912262,-0.08827728033065796,-0.0018488357309252024,-0.0010731571819633245,-0.0012038849527016282,0.33672234416007996
-0.14941120147705078,0.008841324597597122,-0.023224255070090294,0.22888213396072388,0.029272906482219696,0.020678913220763206,0.03944708779454231,-0.11738785356283188,-0.07176079601049423,-0.0017517824890092015,-0.0011256530415266752,-0.001235703588463366,0.33672234416007996
-0.15298345685005188,0.01282477006316185,-0.056172844022512436,0.1855248361825943,0.0337899774312973,-0.003777735633775592,0.1129385456442833,-0.09183000773191452,0.009619932621717453,-0.0011591101065278053,-0.002231019549071789,0.0025231402833014727,0.33672234416007996
-0.13099722564220428,0.0033061248250305653,-0.8494504690170288,0.17864862084388733,-0.03764733672142029,0.007366279140114784,-0.004812425468116999,-0.007953651249408722,0.020798619836568832,-0.0015438961563631892,-8.205105550587177e-4,8.215159177780151e-4,0.33672234416007996
-0.08556072413921356,0.008650773204863071,-0.7669004201889038,0.1957729458808899,0.10230656713247299,0.04695884510874748,0.026547983288764954,0.05832129716873169,0.06633606553077698,-0.001028317492455244,0.0010524443350732327,0.002336005214601755,0.33672234416007996
-0.07288221269845963,0.00819647777825594,-0.768157958984375,0.19369365274906158,0.05298639088869095,0.050443168729543686,0.008193396031856537,0.08251971006393433,0.07892745733261108,-0.001767961890436709,0.0013650470646098256,0.0017536907689645886,0.33672234416007996
-0.07591641694307327,0.009438627399504185,-0.7637584805488586,0.19148436188697815,0.05552167817950249,0.05300024896860123,0.007987658493220806,0.08008396625518799,0.0759044960141182,-0.0017811887664720416,0.0015562271000817418,0.0018024600576609373,0.33672234416007996
-0.07814085483551025,0.009881238453090191,-0.7520180940628052,0.1827113777399063,0.052731048315763474,-0.019472338259220123,0.013412345200777054,0.07898072898387909,0.023381274193525314,-0.0018608536338433623,9.122318260779139e-6,0.0010540641378611326,0.33672234416007996
-0.07747028768062592,-0.009613647125661373,-0.4721117317676544,0.1425250917673111,-0.01806943491101265,-0.002908001421019435,-0.012066497467458248,-0.07792589068412781,-0.03512808308005333,-0.0034565648529678583,9.833854855969548e-4,2.5396610726602376e-4,0.33672234416007996
-0.08698058873414993,0.005423928610980511,-0.3846724033355713,0.19153699278831482,0.020343422889709473,0.02805785834789276,-0.014572142623364925,-0.06045433506369591,-0.041006214916706085,-0.0019163355464115739,1.3477868924383074e-4,0.0013487116666510701,0.33672234416007996
-0.11916020512580872,-0.004835036117583513,-0.49298033118247986,0.17169488966464996,-0.007762573659420013,0.01620561257004738,-0.013639405369758606,-0.08029680699110031,-0.007384084165096283,-0.0019853028934448957,-3.463862813077867e-4,0.00205426337197423,0.33672234416007996
-0.16649627685546875,0.01318485476076603,-0.07931645214557648,0.1299515962600708,0.011424101889133453,0.007280818186700344,-0.00804970320314169,-0.10554260015487671,0.0188909862190485,-0.0023029143922030926,-0.0019560311920940876,0.0020714683923870325,0.33672234416007996
-0.05948370322585106,0.012769537046551704,-0.36186841130256653,0.20403006672859192,0.03012429177761078,-0.01022395957261324,0.01942608132958412,-0.11702059954404831,0.05766679346561432,-0.0018360052490606904,-1.0166142601519823e-4,0.0016502855578437448,0.33672234416007996
-0.09898515045642853,9.603907819837332e-4,-0.387675017118454,0.27391573786735535,0.030181536450982094,-0.03719590976834297,-0.00797784049063921,-0.057117048650979996,-0.03290649875998497,-0.0017327535897493362,-0.0018871295033022761,0.0014501308323815465,0.33672234416007996
-0.10501378029584885,0.008518576622009277,-0.3960152268409729,0.24700191617012024,0.038102976977825165,-0.04190978780388832,0.01411531399935484,-0.04368564113974571,-0.04256996884942055,-0.0015078111318871379,-0.0016500294441357255,0.0014277207665145397,0.33672234416007996
-0.12154021859169006,0.015359136275947094,-0.04242274537682533,0.1876809298992157,0.04589558392763138,-0.04732732102274895,-0.01895885169506073,-0.11297564953565598,0.01729661226272583,-0.0027093933895230293,-5.663842894136906e-4,0.001955547370016575,0.33672234416007996
-0.05392678454518318,0.01392928697168827,-0.086790069937706,0.2442653924226761,0.004731326829642057,0.011470334604382515,-0.07012603431940079,-0.09260020405054092,-0.04706994444131851,-0.0030546884518116713,-0.001205993234179914,9.825944289332256e-5,0.33672234416007996
-0.027811648324131966,0.03241609409451485,0.051424652338027954,0.20873329043388367,0.0349184051156044,0.03883683308959007,0.01155871618539095,-0.08109572529792786,-0.04078778997063637,-0.0016368534415960312,-0.0012684428365901113,-5.615162081085145e-4,0.33672234416007996
-0.10597161203622818,0.03301730006933212,-0.07193361967802048,0.20742468535900116,0.029902374371886253,0.02085977979004383,0.02196117304265499,-0.1595948189496994,-0.029165953397750854,-0.0022505680099129677,-0.002012350596487522,-4.4442794751375914e-4,0.33672234416007996
-0.004470342304557562,0.050977736711502075,0.0494462251663208,0.21064458787441254,0.04219719395041466,-0.017003726214170456,0.14712093770503998,0.00779035035520792,0.012372037395834923,-0.0016147722490131855,-0.001976188737899065,0.0026673064567148685,0.33672234416007996
-0.11225200444459915,0.0060311974957585335,-0.8410311937332153,0.17558608949184418,-0.037833552807569504,0.008059613406658173,-0.004805334843695164,-0.00789220817387104,0.020659396424889565,-0.0016314630629494786,-8.865744457580149e-4,8.202948956750333e-4,0.33672234416007996
-0.09801848977804184,0.00810182560235262,-0.05113286152482033,0.18141838908195496,0.02920207381248474,-0.05211714282631874,-0.04880698770284653,-0.08467458933591843,0.02037680707871914,-0.0034775997046381235,-0.0022489214316010475,0.0016467870445922017,0.33672234416007996
-0.1161176860332489,0.014921353198587894,-0.0520348995923996,0.18234668672084808,0.028102463111281395,-0.05480785295367241,-0.05933602526783943,-0.10196422785520554,0.025114597752690315,-0.0034119628835469484,-0.0022300316486507654,0.001565178856253624,0.33672234416007996
-0.09920834749937057,0.008831807412207127,-0.043936699628829956,0.18152295053005219,0.026582125574350357,-0.05246119573712349,-0.06185068562626839,-0.10834299772977829,0.03629705682396889,-0.0036624742206186056,-0.0019486285746097565,0.0014204209437593818,0.33672234416007996
-0.14512357115745544,0.013749792240560055,-0.06606229394674301,0.18328644335269928,0.038627739995718,-0.05907819792628288,-0.016055630519986153,-0.10746146738529205,0.021693451330065727,-0.0029935308266431093,-0.0020078823436051607,0.0014812207082286477,0.33672234416007996
-0.0926956832408905,0.017235148698091507,-0.8197287321090698,0.2384457290172577,0.023104209452867508,-0.02443007007241249,0.0351383276283741,-0.05794551968574524,-0.00902972649782896,-0.0019882211927324533,-0.0019664072897285223,0.0019730597268790007,0.33672234416007996
-0.10230884701013565,0.009800919331610203,-0.7872673869132996,0.1506035476922989,0.04321018233895302,-0.031361885368824005,0.01766633614897728,0.027663644403219223,-0.07475027441978455,-0.0015276914928108454,-0.0016466970555484295,0.0016101610381156206,0.33672234416007996
-0.10581613332033157,0.010720031335949898,-0.7871764302253723,0.1484983116388321,0.04356170445680618,-0.025861522182822227,0.013613558374345303,0.022674281150102615,-0.07699931412935257,-0.001762117724865675,-0.0016829322557896376,0.0016382732428610325,0.33672234416007996
-0.09191270917654037,0.0301923006772995,-0.7959698438644409,0.2227279543876648,0.033094439655542374,-0.035528525710105896,0.05859103426337242,0.18045997619628906,0.015625648200511932,-0.001142977736890316,-0.0012869260972365737,0.0015277683269232512,0.33672234416007996
-0.1513334959745407,0.006387894973158836,-0.4027392268180847,0.22349029779434204,0.005174122750759125,-0.05905009061098099,-0.026629801839590073,-0.06848416477441788,-0.028659000992774963,-0.001679159700870514,3.8312215474434197e-4,0.0011180189903825521,0.33672234416007996
-0.14742416143417358,0.0011634008260443807,-0.6698747277259827,0.2642074525356293,0.0014764178777113557,-0.0549597293138504,-0.02395888976752758,-0.05201501399278641,-0.011707747355103493,-0.0015190753620117903,4.907144466415048e-4,0.0010729096829891205,0.33672234416007996
-0.18495838344097137,0.010495124384760857,-0.11006945371627808,0.2609926462173462,0.027633894234895706,-0.06662703305482864,-0.036715056747198105,-0.073304682970047,-0.03604140877723694,-0.0022852509282529354,-0.0012681479565799236,5.240996251814067e-4,0.33672234416007996
-0.11950895190238953,0.002705048769712448,-0.45058590173721313,0.1842053085565567,0.004694464150816202,0.010913550853729248,0.03519713878631592,-0.10390011221170425,0.007196544669568539,-0.0011360737262293696,1.1770613127737306e-5,0.0016819224692881107,0.33672234416007996
-0.09262894839048386,0.006855640560388565,-0.4600943922996521,0.23045967519283295,0.003401699475944042,0.04395679756999016,0.005196843296289444,-0.13441571593284607,-0.0034446173813194036,-0.001673667342402041,-5.0209877372253686e-5,2.7445401065051556e-4,0.33672234416007996
-0.13509397208690643,0.0010805591009557247,-0.7971762418746948,0.1891729235649109,-0.015925928950309753,-0.018894324079155922,-0.03191986307501793,-0.07582263648509979,0.032848961651325226,-0.002519807079806924,6.311599281616509e-4,0.0010254487860947847,0.33672234416007996
-0.11331779509782791,-0.0034062613267451525,-0.4695171117782593,0.15997445583343506,-0.002711234148591757,0.04302264004945755,-0.010325182229280472,-0.11019983142614365,0.048438236117362976,-0.001549458596855402,2.7566603966988623e-4,0.0015039354329928756,0.33672234416007996
-0.15556740760803223,0.01477586105465889,-0.0758148580789566,0.1361445188522339,0.017913974821567535,0.028989199548959732,-0.006738136988133192,-0.11460596323013306,0.023061050102114677,-0.0021200180053710938,-0.0019269695039838552,0.002099902369081974,0.33672234416007996
-0.12191534787416458,0.023626431822776794,-0.07980549335479736,0.1298421174287796,0.004374318290501833,-0.10370314121246338,-0.04862663149833679,-0.09391730278730392,-0.009509124793112278,-0.003606553189456463,-7.659081602469087e-4,0.0022254139184951782,0.33672234416007996
-0.11097312718629837,0.023952338844537735,-0.11783654242753983,0.2386421412229538,0.015402319841086864,-0.08766710013151169,-0.01844438724219799,-0.07716155052185059,-0.0296071395277977,-0.0037433102261275053,-0.001023082179017365,-2.7746715932153165e-4,0.33672234416007996
-0.05725846812129021,0.031886566430330276,-0.03339691832661629,0.22778736054897308,0.02172127179801464,-0.0861259251832962,-0.006772827357053757,-0.021284187212586403,-0.01986457221210003,-0.0035903058014810085,-0.0010582091053947806,6.663285894319415e-4,0.33672234416007996
-0.005745039787143469,0.03807394951581955,0.030454419553279877,0.12929749488830566,0.010456004180014133,0.013426810503005981,-0.007397690322250128,-0.058591801673173904,0.009184115566313267,-0.00263973162509501,-0.0015228132251650095,0.0018601003102958202,0.33672234416007996
-0.10236941277980804,-0.004012129735201597,-0.472739577293396,0.17321988940238953,-0.04132486879825592,0.012717407196760178,-0.0023794767912477255,-0.010636324994266033,0.022441748529672623,-0.0015796994557604194,-7.878313772380352e-4,8.542267605662346e-4,0.33672234416007996
-0.11142320185899734,0.006719405297189951,-0.04829321429133415,0.1749172955751419,0.037931762635707855,0.013111311942338943,0.030596772208809853,-0.03335597366094589,0.06802694499492645,-0.0023697714786976576,-0.0013272544601932168,0.0020782670471817255,0.33672234416007996
-0.12027565389871597,0.004577954765409231,-0.04376565292477608,0.1750592291355133,0.03195981681346893,0.009638707153499126,0.01965359039604664,-0.04345745965838432,0.06648485362529755,-0.0025988230481743813,-0.0013038624310865998,0.00209442269988358,0.33672234416007996
-0.11880587041378021,0.009802301414310932,-0.041569966822862625,0.17490649223327637,0.0394413098692894,0.012607808224856853,0.02869787998497486,-0.03878479450941086,0.06690475344657898,-0.00179595360532403,-0.0013490560231730342,0.0017215181142091751,0.33672234416007996
-0.12204587459564209,0.006049688905477524,-0.04299658536911011,0.17556744813919067,0.041961658746004105,0.02272212691605091,0.021790608763694763,-0.04867105185985565,0.025195229798555374,-0.0019098559860140085,-0.00167153833899647,0.0016879154136404395,0.33672234416007996
-0.17656539380550385,0.009797841310501099,-0.8760215640068054,0.35719412565231323,0.02321658656001091,-0.11175382137298584,0.014101379550993443,-0.00984788965433836,0.008807584643363953,-0.001253418973647058,-0.0016555715119466186,0.0014950940385460854,0.33672234416007996
-0.11788701266050339,0.011969166807830334,-0.845967710018158,0.2877611219882965,-0.0536358542740345,0.023213829845190048,0.0392594113945961,-0.035369545221328735,-0.033397991210222244,-0.0013363739708438516,-0.0020188631024211645,0.0012026417534798384,0.33672234416007996
-0.13789500296115875,0.004165644757449627,-0.7689268589019775,0.18547916412353516,-0.003510493552312255,-0.03731916844844818,0.0021706169936805964,0.010813791304826736,-0.0534050390124321,-0.001265886821784079,-0.0017404290847480297,0.0011026187567040324,0.33672234416007996
-0.09506751596927643,-5.463595152832568e-4,-0.5115900635719299,0.199252188205719,-0.03555059805512428,-0.03199661523103714,0.01860441267490387,0.07932625710964203,0.013983918353915215,-0.0016521138604730368,-1.327713398495689e-4,0.0011877866927534342,0.33672234416007996
-0.08437950164079666,0.0034505361691117287,-0.745815098285675,0.19289694726467133,0.02317049168050289,0.019715003669261932,-0.01114884577691555,0.05411069840192795,0.025736477226018906,-0.00217806501314044,-4.69108548713848e-4,4.559424123726785e-4,0.33672234416007996
-0.07890668511390686,0.013644430786371231,-0.75650554895401,0.22341519594192505,0.04822135344147682,0.053807906806468964,0.0226269643753767,0.07693029940128326,0.03141804039478302,-0.0019806844647973776,-3.87125852284953e-4,0.001693825121037662,0.33672234416007996
-0.07410106807947159,0.011204554699361324,-0.7490894198417664,0.20144152641296387,0.08521013706922531,0.025661733001470566,0.01007385179400444,0.08254843205213547,0.029946476221084595,-0.0022617613431066275,-0.0014446547720581293,0.0018653026781976223,0.33672234416007996
-0.07248026877641678,0.013599546626210213,-0.7657932639122009,0.17918969690799713,0.07181139290332794,0.018744904547929764,0.013877997174859047,0.07341787219047546,0.020297860726714134,-0.0016843313351273537,2.1569379896391183e-5,0.0016600870294496417,0.33672234416007996
-0.09239684045314789,0.0026763915084302425,-0.7622284889221191,0.19322510063648224,0.0028566839173436165,-0.07226374000310898,-0.016504280269145966,0.06027090176939964,-0.09881305694580078,-0.0020340902265161276,-0.001976079074665904,0.0012461991282179952,0.33672234416007996
-0.08819659054279327,0.009371919557452202,-0.7886747121810913,0.20224004983901978,0.03518659994006157,-0.04410136863589287,1.8264328218720038e-6,0.039390675723552704,-0.07540172338485718,-0.0013769147917628288,-0.00162709248252213,0.0013927012914791703,0.33672234416007996
-0.12489765137434006,0.0032327815424650908,-0.752490222454071,0.18309080600738525,0.0212604608386755,-0.09457985311746597,-0.004717457573860884,0.034560829401016235,-0.0012037671403959394,-0.0014599901624023914,-0.001844550366513431,0.0014704150380566716,0.33672234416007996
-0.07153406739234924,0.00219678389839828,-0.7479446530342102,0.2244495451450348,-0.016418730840086937,0.018859943374991417,-0.008775652386248112,0.05118431895971298,0.031683240085840225,0.005127687472850084,-0.007975446060299873,0.004753590561449528,0.33672234416007996
-0.08453875780105591,0.003059736220166087,-0.7549894452095032,0.20679278671741486,-0.008046945556998253,-0.00575297512114048,-0.012487104162573814,0.055765021592378616,0.016896817833185196,0.004474307876080275,-0.006574240978807211,0.0014875722117722034,0.33672234416007996
-0.09291400015354156,3.0584039632230997e-4,-0.7868186831474304,0.2150302678346634,-0.02231770008802414,-0.008181563578546047,-0.01849324069917202,-0.027518760412931442,0.009824447333812714,0.003619310213252902,-0.0076244608499109745,0.0013941118959337473,0.33672234416007996
-0.09853901714086533,0.0038446865510195494,-0.8145151734352112,0.192240372300148,-0.02523566596210003,-0.007247858215123415,-0.015765715390443802,-0.016634533181786537,0.011617850512266159,4.939686041325331e-4,-0.00676571624353528,5.102797877043486e-4,0.33672234416007996
-0.06532347947359085,0.009295674972236156,-0.719218909740448,0.1990707814693451,0.037029799073934555,-0.027005990967154503,0.0017918727826327085,0.08702000230550766,0.03264524042606354,0.007654579821974039,-0.0033421674743294716,0.0010736705735325813,0.33672234416007996
-0.06540891528129578,0.016689559444785118,-0.7374243140220642,0.20528362691402435,0.08145041018724442,-0.026035256683826447,0.017275433987379074,0.0851186141371727,0.06890687346458435,0.00576357264071703,-0.004368355497717857,0.0025520583149045706,0.33672234416007996
-0.06322134286165237,0.016318196430802345,-0.7405914068222046,0.20370425283908844,0.08667401224374771,-0.029674185439944267,0.010592330247163773,0.0790252536535263,0.07827144861221313,0.005655058193951845,-0.002605266170576215,0.004099282901734114,0.33672234416007996
-0.06314319372177124,0.013487608171999454,-0.7456890344619751,0.18452665209770203,0.08265525102615356,-0.04581999406218529,-0.006254910491406918,0.07094427198171616,0.015332618728280067,0.007221069186925888,-0.0025920707266777754,0.004352370742708445,0.33672234416007996
-0.15723174810409546,0.006004192400723696,-0.866834282875061,0.3131858706474304,0.023699386045336723,0.056425921618938446,0.006644207518547773,-0.009035461582243443,0.02746974490582943,-0.0018975819693878293,-0.001548035186715424,0.0012462262529879808,0.33672234416007996
-0.12045114487409592,0.00584872392937541,-0.7752529382705688,0.31944379210472107,0.023283815011382103,0.026344582438468933,-0.043209441006183624,-0.031052259728312492,0.018337666988372803,-0.002105724299326539,-0.0020096004009246826,0.0012995405122637749,0.33672234416007996
-0.11088144779205322,-2.6227629859931767e-4,-0.6727955937385559,0.3368043005466461,0.019892696291208267,0.027481285855174065,-0.038852788507938385,-0.037338003516197205,0.023417813703417778,-0.002089625457301736,-0.0019599837251007557,0.0012846192112192512,0.33672234416007996
-0.1625448763370514,0.01864032819867134,-0.7344871759414673,0.24809014797210693,0.015143677592277527,-0.13580599427223206,0.048371572047472,-0.04450142756104469,-0.029146194458007812,-0.0014192253584042192,-0.004210882354527712,0.001619961578398943,0.33672234416007996
-0.10042941570281982,-0.005455454345792532,-0.4195447564125061,0.1476539522409439,-0.007948561571538448,0.0012815961381420493,-0.011014039628207684,-0.06928256899118423,-0.04538966342806816,-0.0027329183649271727,-1.1405883560655639e-4,0.0015987816732376814,0.33672234416007996
-0.11100377142429352,-0.005686085671186447,-0.3733082413673401,0.12793204188346863,-0.007121430244296789,-6.587574171135202e-5,-0.03937926143407822,-0.08761503547430038,-0.008439302444458008,-0.002962644211947918,3.572011482901871e-4,0.002293369732797146,0.33672234416007996
-0.12286701798439026,0.0055479989387094975,-0.8269551396369934,0.2758595645427704,0.02962760627269745,-0.026527028530836105,-0.033943772315979004,-0.035827673971652985,-0.010262188501656055,-0.0016374868573620915,-0.0017822752706706524,0.0012024245224893093,0.33672234416007996
-0.08565454185009003,0.009407157078385353,-0.6332868337631226,0.18856315314769745,0.018859365954995155,-0.035964492708444595,-0.007158192340284586,-0.09314870089292526,-0.002066967776045203,-0.0022724156733602285,-0.0018998825689777732,0.00121645990293473,0.33672234416007996
-0.10043232142925262,0.02959376573562622,-0.7408349514007568,0.22459615767002106,0.0020796109456568956,-0.0912615954875946,0.05584555119276047,0.17868858575820923,0.04963385686278343,-0.0013607899891212583,-0.0017079662065953016,0.001529900822788477,0.33672234416007996
-0.10006091743707657,0.03421714901924133,-0.729854166507721,0.25202223658561707,0.001998325577005744,-0.041336506605148315,0.05434741452336311,0.1858452558517456,0.04250016435980797,-0.001231845817528665,-0.0019977292977273464,0.0015509515069425106,0.33672234416007996
-0.11833371222019196,0.010443945415318012,-0.7271234393119812,0.2307022511959076,7.256100070662796e-4,-0.04604348540306091,0.06677546352148056,0.08245085179805756,0.03452344238758087,-0.001363446470350027,-0.0041219876147806644,0.0016181654063984752,0.33672234416007996
-0.11638571321964264,0.010431654751300812,-0.7519304156303406,0.17567980289459229,-0.0026788630057126284,-0.044561922550201416,0.053474146872758865,0.02595262974500656,0.0082241082563996315,-0.0013696837704628706,-0.0014665336348116398,0.00110275496263057,0.33672234416007996
-0.030359800904989243,0.029834549874067307,0.028006553649902344,0.10234752297401428,0.08550799638032913,0.04280195012688637,-0.018772346898913383,0.08051145076751709,0.04086435213685036,-0.0016350968508049846,5.628433427773416e-4,3.6178380833007395e-4,0.33672234416007996
-0.15626762807369232,0.014046689495444298,-0.08390291780233383,0.11110148578882217,0.009704997763037682,-0.0072240945883095264,-0.017850298434495926,-0.11032276600599289,0.04289750009775162,-0.0024710316210985184,-0.001193616189993918,0.001649832702241838,0.33672234416007996
-0.09477436542510986,0.020824939012527466,-0.0788445919752121,0.12696973979473114,-0.007326133083552122,0.011312306858599186,-0.04693633317947388,-0.12288060784339905,0.056984249502420425,-0.003271540394052863,3.1471496913582087e-4,0.0013213581405580044,0.33672234416007996
-0.10029463469982147,0.020018726587295532,-0.06426488608121872,0.12476855516433716,-0.00854097306728363,0.01144268549978733,-0.05137390270829201,-0.12342559546232224,0.01621859148144722,-0.003226600820198655,-1.2424286978784949e-4,0.001413440448231995,0.33672234416007996
-0.06070832908153534,0.01927386038005352,-0.05242347717285156,0.13995298743247986,-0.005467234179377556,0.009548528119921684,-0.025133155286312103,-0.10723645240068436,0.06589396297931671,-0.004002802073955536,8.027911826502532e-5,3.9107518387027085e-4,0.33672234416007996
-0.0856022909283638,0.013417866080999374,-0.8209390044212341,0.20966137945652008,0.02145427279174328,-0.03192322328686714,-5.832157912664115e-4,-0.08080105483531952,0.04372480884194374,-0.0020226105116307735,-9.495154517935589e-5,0.0013163213152438402,0.33672234416007996
-0.08815842121839523,0.007597236428409815,-0.8278566002845764,0.2489219605922699,0.01962432637810707,-0.04655507206916809,0.007696321699768305,-0.07329978793859482,0.040400050580501556,-0.001740567502565682,-8.750589040573686e-5,0.0014612007653340697,0.33672234416007996
-0.0934191644191742,0.015101457014679909,-0.8272635340690613,0.2464902251958847,0.027956221252679825,-0.04699790105223656,0.013916829600930214,-0.06762082874774933,0.03330770507454872,-0.002042009960860014,-1.1145581083837897e-4,0.0014236429706215858,0.33672234416007996
-0.13733243942260742,0.01201191172003746,-0.8330941200256348,0.2268468141555786,0.016235748305916786,-0.06248805671930313,0.007309147622436285,-0.0389743447303772,0.00442006578668952,-0.0018347658915445209,-0.0019148068968206644,0.0019357423298060894,0.33672234416007996
-0.12868954241275787,0.012997006997466087,-0.07065831124782562,0.1679244488477707,0.0035544910933822393,0.011910985223948956,-0.012465124949812889,-0.11616463959217072,0.04525724798440933,-0.0029159975238144398,-1.8028082558885217e-4,0.0011577489785850048,0.33672234416007996
-0.13103115558624268,0.016329556703567505,-0.09787501394748688,0.14837178587913513,0.017035985365509987,-4.162055265624076e-4,-0.03410238400101662,-0.13833403587341309,0.004308183211833239,-0.0033237114548683167,-0.001718499232083559,5.024339188821614e-4,0.33672234416007996
-0.09064463526010513,0.010517069138586521,-0.4678446054458618,0.1995365023612976,0.0203426331281662,0.03391202911734581,-0.015448424965143204,-0.12520208954811096,0.015066967345774174,-0.0028757385443896055,-0.0015435443492606282,4.0785694727674127e-4,0.33672234416007996
-0.09061308950185776,0.005500695202499628,-0.4638444781303406,0.13819389045238495,0.01061527244746685,0.05141923576593399,-0.008630954660475254,-0.1033865287899971,0.009708545170724392,-0.0019909909460693598,5.221092578722164e-5,0.0015860944986343384,0.33672234416007996
-0.10887075215578079,0.011863444931805134,-0.794231116771698,0.16798241436481476,0.0261328537017107,-0.0075967395678162575,-0.00916476733982563,0.048424068838357925,-0.05253882706165314,-0.0013264319859445095,-0.0014688873197883368,0.001434794277884066,0.33672234416007996
-0.1139780804514885,0.001066364231519401,-0.8011165857315063,0.18770498037338257,-0.01928705722093582,-0.06701904535293579,-0.03953799232840538,-0.07341059297323227,-0.08464062958955765,-0.0019049125257879496,-0.0018934310646727681,0.0010585376294329762,0.33672234416007996
-0.10970208048820496,0.008598082698881626,-0.7858208417892456,0.17926469445228577,-3.1380451400764287e-4,-0.053845178335905075,0.0018206051317974925,-0.05454792082309723,-0.04975583776831627,-0.0013604684500023723,-0.002007025294005871,0.0011825213441625237,0.33672234416007996
-0.11151376366615295,0.005931281019002199,-0.77578204870224,0.20332275331020355,0.026894137263298035,-0.07381291687488556,0.0049204835668206215,-0.06881806254386902,0.004319903906434774,-0.0013259188272058964,-7.352133980020881e-4,8.911584154702723e-4,0.33672234416007996
-0.11642494797706604,0.008309786207973957,-0.1219610944390297,0.23044529557228088,0.008688383735716343,-0.07575716078281403,-0.07029220461845398,-0.08169519156217575,-0.04450654238462448,-0.0037281408440321684,-0.001149045885540545,1.4387258852366358e-4,0.33672234416007996
-0.11820203810930252,0.012819469906389713,0.006403983570635319,0.12537766993045807,-0.031276412308216095,0.020898493006825447,3.043352044187486e-4,0.02978651411831379,0.03539202734827995,-0.0021836240775883198,-0.0014693202683702111,8.805880206637084e-4,0.33672234416007996
-0.11178277432918549,0.014162061735987663,-0.8612601161003113,0.34577271342277527,0.029738182201981544,0.0340811163187027,0.016649996861815453,-0.0037786830216646194,0.015432099811732769,-0.0013327068882063031,-0.0020891064777970314,0.001513535506092012,0.33672234416007996
-0.12069348245859146,0.014578955247998238,-0.8570643067359924,0.33954763412475586,0.03383250907063484,0.032860901206731796,0.021813658997416496,-0.004115247633308172,0.034425050020217896,-0.0014312773710116744,-0.0020675542764365673,0.0016435404540970922,0.33672234416007996
-0.11657866835594177,0.009743023663759232,-0.8633047938346863,0.3442446291446686,0.025769690051674843,0.02518656849861145,0.017671193927526474,-0.0060659172013401985,0.024099480360746384,-0.0014451126335188746,-0.001946021686308086,0.0016693773213773966,0.33672234416007996
-0.119423508644104,0.020397473126649857,-0.8458359241485596,0.263668030500412,0.01807326264679432,-0.026543626561760902,0.04821627214550972,-0.03629108518362045,-0.012442738749086857,-0.0014989724149927497,-0.004176735877990723,0.0017502541886642575,0.33672234416007996
-0.10039801150560379,-0.002005383837968111,-0.3446650505065918,0.152433842420578,-0.041831064969301224,0.013272488489747047,-0.0022959252819418907,-0.008134465664625168,0.022608891129493713,-0.0015042027225717902,-7.770470110699534e-4,7.684837910346687e-4,0.33672234416007996
-0.09742145240306854,0.0127071188762784,-0.8636291027069092,0.17464545369148254,0.004035360179841518,0.024403251707553864,-0.033522967249155045,-0.049761172384023666,-0.054000165313482285,-0.0026361604686826468,1.0005394142353907e-4,0.001644399599172175,0.33672234416007996
-0.09185927361249924,0.011280384846031666,-0.8207088112831116,0.16968734562397003,0.026196438819169998,-0.009296957403421402,-0.007721384055912495,-0.05772538483142853,-0.02199985459446907,-0.002345625776797533,-0.002263981383293867,0.0020511990878731012,0.33672234416007996
-0.09161321073770523,0.014230204746127129,-0.8215250968933105,0.17373335361480713,0.025545481592416763,-0.004085584543645382,-0.013576501049101353,-0.06177203357219696,-0.01668986678123474,-0.0025705923326313496,-0.0018073664978146553,0.0021014076191931963,0.33672234416007996
-0.09361542016267776,0.017461229115724564,-0.8157357573509216,0.22109755873680115,0.02287314645946026,-0.03646130487322807,0.0052568344399333,-0.08050718158483505,0.004782777279615402,-0.001890720915980637,-3.1291841878555715e-4,0.0014469727175310254,0.33672234416007996
-0.11956802755594254,-0.007868660613894463,-0.651949405670166,0.19719679653644562,-0.017078768461942673,-0.0035775434225797653,0.00969878863543272,-0.09131427109241486,0.036891624331474304,-0.0023798528127372265,0.001575751812197268,0.0011423287214711308,0.33672234416007996
-0.12984661757946014,-0.004890750162303448,-0.7288734912872314,0.19388516247272491,-0.010493756271898746,-0.01999533176422119,-0.015350819565355778,-0.08701134473085403,0.023099364712834358,-0.0017921115504577756,-1.7345054948236793e-4,2.5319578708149493e-4,0.33672234416007996
-0.11641525477170944,-0.014049679972231388,-0.464969277381897,0.21999719738960266,-0.015896327793598175,0.010038274340331554,-0.032801758497953415,-0.1201748475432396,-0.023094411939382553,-0.002991690766066313,6.964076310396194e-4,-1.761908788466826e-4,0.33672234416007996
-0.15868982672691345,0.0013189648743718863,-0.06891442090272903,0.14579755067825317,-4.38374700024724e-5,0.009986763820052147,-0.017577385529875755,-0.11596807837486267,0.011336485855281353,-0.0029182294383645058,-8.12547339592129e-4,0.0014681658940389752,0.33672234416007996
-0.09102976322174072,0.006575813516974449,-0.7671111822128296,0.2116146683692932,-3.116612497251481e-4,0.027620207518339157,0.01286835502833128,0.051735203713178635,0.059555552899837494,-0.0015318228397518396,9.510540985502303e-4,0.0015369339380413294,0.33672234416007996
-0.09591470658779144,0.013632912188768387,-0.7779868841171265,0.21214082837104797,0.04495187848806381,0.025895006954669952,0.025580167770385742,0.05148832127451897,0.06660885363817215,-0.0014392315642908216,0.0011777784675359726,0.0013494547456502914,0.33672234416007996
-0.0782943144440651,0.013405891135334969,-0.7754238843917847,0.21529646217823029,0.041816119104623795,0.053215429186820984,0.026974443346261978,0.07060343772172928,0.06316779553890228,-0.001683766022324562,0.0016181785613298416,0.0018224165542051196,0.33672234416007996
-0.0795554593205452,0.01671740971505642,-0.7679492235183716,0.2079678326845169,0.04493875801563263,0.04999814182519913,0.01723206415772438,0.07338014990091324,0.02493719756603241,-0.0016899318434298038,0.0014934136997908354,0.0018633381696417928,0.33672234416007996
-0.1227833479642868,-0.004359160549938679,-0.4555579721927643,0.2183581441640854,-0.008689941838383675,0.007858694531023502,0.005565561354160309,-0.10757770389318466,-0.015425912104547024,-0.001576523296535015,9.362141136080027e-4,-3.186740505043417e-4,0.33672234416007996
-0.12870827317237854,-9.022842859849334e-4,-0.4224242866039276,0.24485398828983307,0.013789024204015732,0.008542762137949467,0.04216130077838898,-0.11916166543960571,0.026246314868330956,-6.40398298855871e-4,8.992120856419206e-4,-4.9578400648897514e-5,0.33672234416007996
-0.17027513682842255,0.01402955874800682,-0.04937295615673065,0.1863110363483429,0.02117551490664482,-0.013610824011266232,0.039876002818346024,-0.09725829213857651,0.014811386354267597,-0.001970146084204316,-0.0012802501441910863,0.001875491114333272,0.33672234416007996
-0.07158724963665009,0.011533083394169807,-0.7212995290756226,0.2174762338399887,0.07625971734523773,-0.03881215676665306,0.06845427304506302,0.03562581166625023,0.07076039910316467,-0.0010051032295450568,-0.0015146394725888968,0.0014588836347684264,0.33672234416007996
-0.08271902054548264,0.0014832052402198315,-0.7225297093391418,0.2155308574438095,0.047134097665548325,-0.05496498942375183,0.04866856336593628,0.04280736297369003,-0.029698822647333145,-0.0014319570036605,-0.0016471488634124398,0.0011636285344138741,0.33672234416007996
-0.09828120470046997,0.0020559472031891346,-0.7272607684135437,0.21002767980098724,0.022679077461361885,-0.06996262073516846,0.034807562828063965,0.04338572546839714,-0.0031155163887888193,-0.0017717870650812984,-0.0016902139177545905,0.001194705255329609,0.33672234416007996
-0.11366061866283417,0.006897421553730965,-0.7491745352745056,0.1686617136001587,0.00769187044352293,-0.07360931485891342,0.0371202751994133,0.014203453436493874,0.013090154156088829,-0.0016144170658662915,-0.0016618173103779554,7.519909413531423e-4,0.33672234416007996
-0.07954704016447067,0.011209538206458092,-0.7418701648712158,0.19520729780197144,0.04863820970058441,-0.060906391590833664,0.01872289553284645,0.06721439957618713,-0.011372871696949005,-0.0016087713884189725,-0.0018554585985839367,0.0012763466220349073,0.33672234416007996
-0.1005372479557991,0.005262464750558138,-0.7423320412635803,0.18623848259449005,0.01987658254802227,-0.08164046704769135,0.030359460040926933,0.05497417226433754,0.005932948552072048,-0.0017390110297128558,-0.0014643820468336344,0.0012317531509324908,0.33672234416007996
-0.10427721589803696,0.0013757981359958649,-0.7401309013366699,0.185213103890419,0.031334761530160904,-0.09830371290445328,0.00505288690328598,0.0549493171274662,0.002947447821497917,-0.0018162629567086697,-0.0019640298560261726,0.0011910783359780908,0.33672234416007996
-0.10414952784776688,0.004633189644664526,-0.747747540473938,0.19412614405155182,0.01585082709789276,-0.07773803174495697,0.026071740314364433,0.03818304464221001,0.013031148351728916,-0.0017550889169797301,-0.001807622378692031,0.0011549759656190872,0.33672234416007996
-0.09482421725988388,0.004379715770483017,-0.7433757781982422,0.18071553111076355,0.049842484295368195,-2.480110269971192e-4,0.005253518931567669,0.08191149681806564,0.01143551617860794,-0.0014318592147901654,-1.9274109217803925e-4,0.0014647427015006542,0.33672234416007996
-0.09722824394702911,0.00249270792119205,-0.7547521591186523,0.2024087905883789,0.0742572546005249,0.023145854473114014,0.012275896035134792,0.09273874759674072,0.028157005086541176,-0.001486796187236905,-1.438344334019348e-4,0.0015639032935723662,0.33672234416007996
-0.0883978083729744,0.002681402023881674,-0.7529464364051819,0.2045792043209076,0.05525464564561844,0.04364454746246338,0.02889244817197323,0.07952915877103806,0.017553012818098068,-0.0015820653643459082,-2.4345392012037337e-4,0.0016731288051232696,0.33672234416007996
-0.09051770716905594,0.008600268512964249,-0.7856040000915527,0.19450321793556213,0.05787258595228195,0.049222663044929504,0.013683379627764225,0.07860205322504044,0.026358429342508316,-0.0017972857458516955,0.0012375155929476023,0.0019226118456572294,0.33672234416007996
-0.08608730882406235,0.009979091584682465,-0.7717647552490234,0.18422555923461914,0.08787427097558975,0.03415685147047043,-0.0015548070659860969,0.00209773238748312,0.02496347576379776,-0.002018672414124012,0.0010071671567857265,0.0017480009701102972,0.33672234416007996
-0.07335826754570007,0.009797592647373676,-0.7485790848731995,0.1768501251935959,0.10864092409610748,0.022187894210219383,-0.01097533106803894,0.06797932088375092,0.02484727092087269,-0.0016523088561370969,4.8492179485037923e-4,0.0010178432567045093,0.33672234416007996
-0.10415671765804291,-0.0031209131702780724,-0.7927291989326477,0.17776820063591003,0.0034680194221436977,0.010819582268595695,-0.016262449324131012,-0.01744336076080799,0.004579978063702583,-6.818945985287428e-4,3.506819484755397e-4,5.380695220082998e-4,0.33672234416007996
-0.09161713719367981,0.0037221345119178295,-0.7722020149230957,0.17190766334533691,0.014450964517891407,0.017416279762983322,-0.005994398612529039,0.04354684054851532,0.020038772374391556,-4.677673277910799e-4,4.5350418076850474e-4,9.957608999684453e-4,0.33672234416007996
-0.11079120635986328,-0.004434884525835514,-0.5344003438949585,0.21289730072021484,0.006427978631108999,0.02452876791357994,-0.021816786378622055,-0.019076872617006302,0.017965011298656464,-5.3330550144892186e-5,4.6165005187503994e-4,7.767382776364684e-4,0.33672234416007996
-0.06822752952575684,-0.0021860760170966387,-0.334845632314682,0.1649366170167923,0.15370090305805206,0.01272710133343935,-0.0114200534299016,0.10695621371269226,0.04833535477519035,-8.174178074114025e-4,-2.820214140228927e-4,0.0014270496321842074,0.33672234416007996
-0.08448509126901627,-8.025117567740381e-4,-0.2709138095378876,0.13482390344142914,0.06655772775411606,0.014565927907824516,-0.011073063127696514,0.11602658778429031,0.04401819407939911,-0.0012354691280052066,-2.7127054636366665e-5,0.001816321280784905,0.33672234416007996
-0.0848250463604927,-5.504573928192258e-4,-0.27190279960632324,0.1345931440591812,0.06687546521425247,0.004740659147500992,-0.01155207771807909,0.1256454885005951,0.027232229709625244,-0.0013326461194083095,8.099847473204136e-4,0.0010104102548211813,0.33672234416007996
-0.08376358449459076,0.013310202397406101,-0.76615309715271,0.1776454597711563,0.022476257756352425,0.03774479776620865,-0.012405809946358204,0.044147368520498276,0.005965877790004015,-0.0014918986707925797,-8.125493186526e-4,0.0014451848110184073,0.33672234416007996
-0.0699736550450325,0.013306605629622936,-0.7668148875236511,0.18061372637748718,0.04785151407122612,0.018350595608353615,-0.006279035471379757,0.058568041771650314,0.018331708386540413,-0.0019843028858304024,-3.88717046007514e-4,0.0014097599778324366,0.33672234416007996
-0.06970331817865372,0.01216641440987587,-0.7366570234298706,0.18468782305717468,0.09405428916215897,0.004461613949388266,0.03706825152039528,0.0786641389131546,0.014997323974967003,-0.002095021540299058,-0.0016801608726382256,0.0010712635703384876,0.33672234416007996
-0.07932749390602112,0.015632634982466698,-0.7473813891410828,0.18629823625087738,0.06677153706550598,-0.018748154863715172,0.012512873858213425,0.07450468838214874,0.02231321856379509,-0.001604006509296596,1.0067098628496751e-5,0.0016334167448803782,0.33672234416007996
-0.11092615127563477,0.021862229332327843,-0.07666488736867905,0.15412361919879913,-4.907870898023248e-4,-0.10379057377576828,-0.04495697841048241,-0.11462676525115967,0.04015742614865303,-0.003686157986521721,-3.6509038181975484e-4,-1.5705400437582284e-4,0.33672234416007996
-0.15013177692890167,0.019166534766554832,-0.06838597357273102,0.18148337304592133,0.008514326997101307,-0.08410100638866425,-0.047142382711172104,-0.14068183302879333,-0.03826562687754631,-0.0032384118530899286,-0.0012463533785194159,-0.0013558202190324664,0.33672234416007996
-0.11907989531755447,0.026501987129449844,-0.0770820677280426,0.13337337970733643,-0.002114636590704322,-0.10345571488142014,-0.058937154710292816,-0.1149219423532486,0.03606346622109413,-0.003932551015168428,-1.7977287143366993e-6,0.0012979389866814017,0.33672234416007996
-0.1285862773656845,0.03047042340040207,-0.05338262766599655,0.2005881667137146,0.02739575318992138,-0.18846169114112854,-0.04943984001874924,-0.06223383545875549,-0.012032839469611645,-0.002983601065352559,-0.0019466987578198314,0.001711032004095614,0.33672234416007996
-0.061137739568948746,0.01659216918051243,-0.652134358882904,0.20019108057022095,0.03643791005015373,-0.02166389487683773,0.03307846933603287,0.08610854297876358,0.027292951941490173,-0.0011667695362120867,-0.0015272221062332392,6.729471497237682e-4,0.33672234416007996
-0.06786701083183289,0.018406888470053673,-0.6492325663566589,0.20229406654834747,0.07453326880931854,-0.016269158571958542,0.044607121497392654,0.0847817063331604,-0.007342263590544462,-0.0012090910458937287,-0.001344890333712101,0.001050424762070179,0.33672234416007996
-0.06864746659994125,0.01306159421801567,-0.6388736367225647,0.19448025524616241,0.07432456314563751,-0.02638859488070011,0.03792652487754822,0.08727656304836273,-0.02066039852797985,-0.0015236233593896031,-0.0016017660964280367,0.0013568260474130511,0.33672234416007996
-0.07046157866716385,0.013710173778235912,-0.678392767906189,0.1697007268667221,0.07174266129732132,-0.04799198359251022,0.03252643719315529,0.0503685437142849,0.0123251061886549,-0.0015305965207517147,-0.0016552790766581893,0.001114856218919158,0.33672234416007996
-0.06266874819993973,0.008993172086775303,-0.722784161567688,0.18199148774147034,-0.011039421893656254,0.026808729395270348,0.0316680483520031,0.06461063027381897,-0.01205728854984045,-0.0021200766786932945,8.221562602557242e-4,0.001847212202847004,0.33672234416007996
-0.07713448256254196,-0.004242872353643179,-0.6303039789199829,0.18859267234802246,-0.01707896590232849,0.01967082917690277,0.03760576993227005,0.057348303496837616,-0.01112230122089386,-0.00216062949039042,6.545951473526657e-4,0.0016551316948607564,0.33672234416007996
-0.09974346309900284,-0.009370552375912666,-0.3703543543815613,0.16549596190452576,-0.020374281331896782,0.014958811923861504,0.011426381766796112,-0.09966253489255905,0.01806044392287731,-0.0025233535561710596,5.958701367489994e-4,0.0013668487081304193,0.33672234416007996
-0.11093847453594208,-0.0051771532744169235,-0.4926869869232178,0.17223532497882843,-0.01206408441066742,-0.0016529103741049767,-0.04027967154979706,-0.10518812388181686,0.004367128945887089,-0.002274296712130308,3.8763677002862096e-4,0.0014274065615609288,0.33672234416007996
-0.12091508507728577,0.02265617810189724,-0.0714242085814476,0.15385295450687408,0.0028252515476197004,-0.09980665147304535,-0.017438353970646858,-0.10286450386047363,0.04765915125608444,-0.0029521004762500525,-9.249345166608691e-4,0.0016567122656852007,0.33672234416007996
-0.09991416335105896,0.02992541529238224,-0.03751926124095917,0.21911685168743134,0.03682810068130493,-0.0683118924498558,0.12820588052272797,-0.10297136008739471,-0.022691480815410614,-7.902662036940455e-4,-0.0014331829734146595,-3.4699501702561975e-4,0.33672234416007996
-0.12001891434192657,0.035672448575496674,-0.0611870177090168,0.1866520643234253,0.0058691855520009995,-0.07633031159639359,0.02273625135421753,-0.08927275240421295,0.01471707783639431,-0.002706434577703476,-0.001046443241648376,0.001879968447610736,0.33672234416007996
-0.08972076326608658,0.03132723644375801,-0.05766427144408226,0.17224842309951782,0.014684578403830528,0.018292438238859177,0.01865367218852043,-0.11663415282964706,0.021657556295394897,-0.0020352271385490894,-1.486653054598719e-4,0.002175617264583707,0.33672234416007996
-0.12328295409679413,5.908121238462627e-4,-0.8012860417366028,0.1499873399734497,-0.013311108574271202,-0.05154456943273544,0.005921856500208378,-0.06099150702357292,-0.00653217826038599,-0.0026890551671385765,-0.0017641615122556686,0.0012671356089413166,0.33672234416007996
-0.10152449458837509,0.012151301838457584,-0.8094896674156189,0.21777646243572235,0.017478419467806816,-0.04146434739232063,-0.00198886776342988,-0.06123938784003258,-0.01168268732726574,-0.002214173087850213,-0.0018859233241528273,0.0019651041366159916,0.33672234416007996
-0.10620838403701782,0.01594509743154049,-0.8183066248893738,0.22376962006092072,0.030905812978744507,-0.04353377968072891,0.0022059546317905188,-0.056841809302568436,-0.0033910241909325123,-0.002156216884031892,-0.0019107958069071174,0.0020972685888409615,0.33672234416007996
-0.13993525505065918,0.013102826662361622,-0.824726939201355,0.22522754967212677,0.01563931442797184,-0.07220466434955597,0.006956460420042276,-0.0395524837076664,0.0012412496143952012,-0.0017445237608626485,-0.0018624762305989861,0.0019350518705323339,0.33672234416007996
-0.08920978009700775,0.01139882393181324,-0.7608069777488708,0.14230500161647797,0.0788806676864624,-0.048865798860788345,-0.006749770138412714,0.056510746479034424,-0.0759463980793953,-0.0012678572675213218,-0.001280953991226852,0.0014803139492869377,0.33672234416007996
-0.10059721022844315,0.006957730744034052,-0.7493599057197571,0.17403355240821838,0.04608454927802086,-0.05585404112935066,0.02542586252093315,0.05349256470799446,-0.07206720858812332,-0.0013973754830658436,-0.001522992504760623,0.0015146051300689578,0.33672234416007996
-0.09679882228374481,0.0038802046328783035,-0.7528927326202393,0.16895444691181183,0.02244846150279045,-0.06074719503521919,0.005681963637471199,0.05289633572101593,-0.07657195627689362,-0.002058330923318863,-0.0014707979280501604,0.001410129014402628,0.33672234416007996
-0.08327162265777588,0.0023539813701063395,-0.7370442152023315,0.18872275948524475,0.041450418531894684,-0.06595458835363388,0.013544238172471523,0.043238166719675064,0.011313843540847301,-0.0018920247675850987,-5.979659617878497e-4,0.0011105226585641503,0.33672234416007996
-0.09731481224298477,0.005102856084704399,-0.7473753094673157,0.17549347877502441,0.027511317282915115,-0.057489022612571716,0.020275412127375603,0.05426240712404251,-0.07596351951360703,-0.0019489641999825835,-0.0014307635137811303,0.0014599405694752932,0.33672234416007996
-0.07034719735383987,0.015439258888363838,-0.7295135855674744,0.23105822503566742,0.021196652203798294,-0.05556288734078407,0.07734762877225876,0.08235818147659302,0.02153109945356846,-8.972734794951975e-4,-0.002465730533003807,0.005736559629440308,0.33672234416007996
-0.07024289667606354,0.012284019030630589,-0.7401173710823059,0.2354203760623932,0.06666412949562073,-0.053056783974170685,0.062160082161426544,0.0814080759882927,0.030258065089583397,-0.0016266366001218557,-0.0023969935718923807,0.005200438667088747,0.33672234416007996
-0.06444500386714935,0.017964420840144157,-0.7220889329910278,0.23300831019878387,0.03634482994675636,-0.050014011561870575,0.07384881377220154,0.08070816844701767,0.03428172320127487,-0.001300197676755488,-0.0022786790505051613,0.004725930746644735,0.33672234416007996
-0.07528585195541382,0.021186552941799164,-0.7429096102714539,0.20943477749824524,0.03958432748913765,-0.03591117262840271,0.07231903821229935,0.0682557076215744,0.02206967957317829,-1.604938879609108e-4,-0.002254412043839693,0.004796074703335762,0.33672234416007996
-0.07724105566740036,0.015437462367117405,-0.7949493527412415,0.26777738332748413,0.03740231692790985,-0.0038807892706245184,0.037673044949769974,-0.08243968337774277,0.022192545235157013,-0.0023737172596156597,-0.001973420847207308,3.351584600750357e-4,0.33672234416007996
-0.08197581768035889,0.018239280208945274,-0.8123834729194641,0.27508729696273804,0.04006122797727585,-0.04783940315246582,0.05731431022286415,-0.07358251512050629,-0.015376215800642967,-0.002146667568013072,-0.001823234953917563,4.701362922787666e-5,0.33672234416007996
-0.12349385023117065,0.009960964322090149,-0.854935348033905,0.24796633422374725,0.012954859994351864,-0.05509469658136368,0.05175751447677612,-0.04639437422156334,0.03963298723101616,-0.001483288942836225,-0.0015516049461439252,0.001484836102463305,0.33672234416007996
-0.1293531358242035,0.02454400435090065,-0.8621953725814819,0.26216068863868713,0.022285502403974533,-0.003979813307523727,0.07247171550989151,-0.0348600335419178,-0.014365678653120995,-0.0014196695992723107,-0.004157018382102251,0.0015303819673135877,0.33672234416007996
-0.10107044130563736,0.007887838408350945,-0.7834287285804749,0.23597148060798645,0.025347189977765083,-0.024462753906846046,-0.030767284333705902,-0.10301966220140457,-0.01876911334693432,-0.002966089639812708,-0.0019416982540860772,-2.554860257077962e-4,0.33672234416007996
-0.13749763369560242,0.01026715524494648,-0.8214505314826965,0.28260093927383423,0.017548372969031334,-0.03169984370470047,0.03449232876300812,-0.05703677237033844,0.042737316340208054,-0.0016503579681739211,-0.0015953922411426902,5.533494404517114e-4,0.33672234416007996
-0.11434224992990494,0.02025175653398037,-0.8447327017784119,0.2794833481311798,0.03443647176027298,-0.0278156790882349,0.10089603066444397,-0.05433904752135277,-0.009770398028194904,-0.0020781715866178274,-0.001575244590640068,7.775167614454404e-5,0.33672234416007996
-0.12711669504642487,0.024373715743422508,-0.8674835562705994,0.23954921960830688,0.02508554793894291,-0.018480321392416954,0.07835903018712997,-0.04074321687221527,-0.00379236345179379,-0.0013528906274586916,-0.001717340317554772,0.0013848936650902033,0.33672234416007996
-0.13439686596393585,-0.004656611941754818,-0.42675986886024475,0.2690928280353546,0.013481185771524906,0.03276403248310089,-0.02700171247124672,-0.043865568935871124,0.01579822599887848,-0.00227580894716084,-0.0014236796414479613,0.0014078487874940038,0.33672234416007996
-0.14216348528862,0.004857340827584267,-0.8583884239196777,0.29610827565193176,0.021901169791817665,0.027089962735772133,-0.006587584037333727,-0.00840052217245102,0.0510445311665535,-0.0017562286229804158,-0.0019033332355320454,0.0013967634877189994,0.33672234416007996
-0.155131533741951,0.005825572181493044,-0.8644014000892639,0.25835782289505005,0.022713923826813698,-0.13061583042144775,-0.005892626009881496,-0.017441662028431892,0.021767698228359222,-0.0016420511528849602,-0.0014315234730020165,0.0011064797872677445,0.33672234416007996
-0.15612296760082245,0.0038028929848223925,-0.7029323577880859,0.21614542603492737,0.01046423427760601,-0.20319415628910065,-0.03813936561346054,-0.05804277956485748,-0.0073304795660078526,-0.0019253419013693929,9.06813147594221e-6,0.0012752298498526216,0.33672234416007996
-0.08038926869630814,0.022145936265587807,-0.07219468057155609,0.12891189754009247,0.003053410444408655,0.021925335749983788,-0.030338814482092857,-0.0823749229311943,0.011212177574634552,-0.0029211072251200676,-6.524004857055843e-4,0.0025949343107640743,0.33672234416007996
-0.11150999367237091,0.017717093229293823,-0.06556317210197449,0.1547401249408722,-0.00952544342726469,0.012208061292767525,-0.043396998196840286,-0.15504220128059387,-0.0378081314265728,-0.0036981969606131315,-7.912860019132495e-4,-0.0015775474021211267,0.33672234416007996
-0.09759100526571274,0.033285174518823624,-0.07864405959844589,0.14525943994522095,0.020665811374783516,0.0367777943611145,-0.00980287417769432,-0.13862253725528717,-0.03321646898984909,-0.0026828066911548376,-0.0024536920245736837,-0.001110027078539133,0.33672234416007996
-0.09050717204809189,0.03335196152329445,-0.07169923931360245,0.12466932088136673,0.019843071699142456,0.027237998321652412,-0.0045937360264360905,-0.10656604170799255,0.021728387102484703,-0.002262623980641365,-0.0015647219261154532,0.0019163867691531777,0.33672234416007996
-0.06930121779441833,0.022731781005859375,-0.05646353214979172,0.12248320877552032,0.0040733530186116695,0.004825538024306297,0.008773943409323692,-0.09479843080043793,0.031641870737075806,-0.003740667598322034,-8.636988932266831e-4,0.002259297762066126,0.33672234416007996
-0.08092856407165527,0.022676439955830574,-0.067039385437965393,0.13194257020950317,-0.00638677179813385,-0.01643589697778225,-0.0010050194105133414,-0.1039370521903038,0.036106228828430176,-0.003627379424870014,-0.0018098193686455488,0.0026918593794107437,0.33672234416007996
-0.13869041204452515,0.01278016995638609,-0.06670671701431274,0.13813425600528717,-3.7324422009987757e-05,-0.014452751725912094,-0.009456675499677658,-0.10031398385763168,0.04099811613559723,-0.0036118952557444572,-0.001955204177647829,0.0026935297064483166,0.33672234416007996
-0.14690211415290833,0.009759199805557728,-0.06797049939632416,0.12544946372509003,-0.0030354391783475876,-0.019099174067378044,-0.04314970225095749,-0.11751137673854828,0.013450764119625092,-0.0030926999170333147,-0.0016142515232786536,0.001541821169666946,0.33672234416007996
-0.08313365280628204,-0.0015997696900740266,-0.4795338809490204,0.223750501871109,0.013165630400180817,0.015847383067011833,-0.003533362876623869,-0.07399743050336838,-0.052927952259778976,-0.0024194123689085245,-1.5244838141370565e-4,0.001574491267092526,0.33672234416007996
-0.09214002639055252,-0.0020989738404750824,-0.5151827931404114,0.23777219653129578,0.02372276596724987,-0.01508357748389244,-0.015624521300196648,-0.07565464079380035,-0.032505009323358536,-0.0023235769476741552,-0.001411372679285705,0.001218485413119197,0.33672234416007996
-0.09110105782747269,-0.005816917400807142,-0.46571123600006104,0.21578161418437958,0.02246115729212761,-0.01938311941921711,-0.011469244956970215,-0.08098459243774414,-0.03419117256999016,-0.0021512717939913273,-0.0015421496937051415,0.0014130733907222748,0.33672234416007996
-0.09166961908340454,0.003743998007848859,-0.36543041467666626,0.15499551594257355,0.02412343956530094,-0.05125221237540245,-0.010830879211425781,-0.09882868081331253,-2.9922035537310876e-5,-0.002205744618549943,-0.0013496933970600367,0.001249440130777657,0.33672234416007996
-0.03865726292133331,0.016853028908371925,0.025129664689302444,0.15204183757305145,0.09192543476819992,0.012811840511858463,0.036639291793107986,0.07967124134302139,0.033242326229810715,-0.001928071491420269,-0.0019539014901965857,0.0014300670009106398,0.33672234416007996
-0.040367793291807175,0.029490280896425247,0.03410515561699867,0.1515643298625946,0.10079088062047958,0.002049793489277363,0.08709470927715302,0.08591949939727783,0.02114022709429264,-0.0014572975924238563,-0.0017697265138849616,0.0019028026144951582,0.33672234416007996
-0.13816891610622406,0.009088239632546902,-0.010295410640537739,0.13852109014987946,0.06869456171989441,-0.06757615506649017,0.07856149971485138,0.06606835871934891,0.028401220217347145,-0.0011708447709679604,-0.0013595251366496086,0.0028589642606675625,0.33672234416007996
-0.11528097093105316,0.030075090005993843,-0.7295830845832825,0.22255034744739532,0.01629100739955902,-0.08584904670715332,0.05643339827656746,0.10949289798736572,-0.006097649689763784,-9.468444623053074e-4,-0.002255314029753208,0.001565513084642589,0.33672234416007996
-0.11259151995182037,-2.2883657948113978e-4,-0.4114549160003662,0.1891443133354187,0.10375843197107315,0.009830338880419731,-0.008124317973852158,-0.13476541638374329,2.4355285859201103e-4,-0.0072447797283530235,-0.008076432161033154,-0.00192174909170717,0.33672234416007996
-0.11259151995182037,-2.2883657948113978e-4,-0.4114549160003662,0.1891443133354187,0.10375843197107315,0.009830338880419731,-0.008124317973852158,-0.13476541638374329,2.4355285859201103e-4,-0.0072447797283530235,-0.008076432161033154,-0.00192174909170717,0.33672234416007996
-0.07772434502840042,-0.006836522836238146,-0.3141101002693176,0.1341661810874939,0.08028796315193176,-0.020967800170183182,-0.0031402334570884705,-0.02414160966873169,-0.11245579272508621,-0.007524395827203989,-0.02152569778263569,-0.002933997893705964,0.33672234416007996
-0.09675837308168411,-0.00565138878300786,-0.37475553154945374,0.13528704643249512,0.11012320220470428,0.016521038487553596,-0.012190202251076698,-0.1085931658744812,0.017941901460289955,-0.005517970770597458,-0.008216476999223232,-7.704463787376881e-4,0.33672234416007996
-0.07408329844474792,0.01004029344767332,-0.7359634637832642,0.2029336541891098,0.08872310817241669,0.0374615415930748,0.013356301933526993,0.08096270263195038,0.03648917376995087,0.005301468539983034,-0.006844010204076767,0.004887857940047979,0.33672234416007996
-0.059546831995248795,0.014621553011238575,-0.7422977089881897,0.21602845191955566,0.09867992252111435,0.05081706494092941,0.00980338454246521,0.08387131243944168,0.04443572834134102,0.008369844406843185,-0.006056930869817734,0.005040670279413462,0.33672234416007996
-0.05028260126709938,0.017894955351948738,-0.7399196028709412,0.2032860666513443,0.10870074480772018,0.022139234468340874,-9.601556666893885e-5,0.08421830832958221,0.05058356374502182,0.009534397162497044,-0.003271284746006131,0.002411042572930455,0.33672234416007996
-0.05748992785811424,0.013296208344399929,-0.7489376068115234,0.19364993274211884,0.07312022149562836,-0.004162068013101816,0.027516460046172142,0.07934235036373138,0.0161457359790802,0.00622138986364007,-0.002957720775157213,0.0022724817972630262,0.33672234416007996
-0.0876302570104599,0.0019182366086170077,-0.269118070602417,0.12189202755689621,0.0913107767701149,0.02475259080529213,-0.009962143376469612,0.11909205466508865,0.022124504670500755,-0.0033418387174606323,-0.01076379045844078,0.0018642591312527657,0.33672234416007996
-0.16007575392723083,0.0051598986610770226,-0.05984902381896973,0.1552601158618927,0.0029577151872217655,0.011858515441417694,-0.03573991730809212,-0.1006782054901123,0.03798428177833557,-0.0018622284987941384,-0.008267414756119251,-0.023085659369826317,0.33672234416007996
-0.16214367747306824,0.006912406999617815,-0.05835277587175369,0.15358857810497284,-0.003233561525121331,0.017723774537444115,-0.04455586150288582,-0.12473183870315552,0.03971491754055023,-0.002653674455359578,-0.008403090760111809,-0.015840575098991394,0.33672234416007996
-0.14277449250221252,0.012714779935777187,-0.056908849626779556,0.13549715280532837,0.0021245621610432863,0.014273423701524734,-0.03395663574337959,-0.11944053322076797,0.0071641565300524235,-0.0017129548359662294,-0.007563748396933079,-0.014399941079318523,0.33672234416007996
-0.09589444100856781,0.002638221951201558,-0.7296851873397827,0.20627236366271973,0.01457244623452425,0.012109069153666496,0.007426263298839331,0.08351889252662659,0.021084457635879517,-6.492689717561007e-4,-6.146464147605002e-4,8.798258495517075e-4,0.33672234416007996
-0.09712102264165878,0.0058375014923512936,-0.740463376045227,0.2142253965139389,0.04466095566749573,0.001032523694448173,0.015805985778570175,0.07851676642894745,0.02243734523653984,-0.0014212203677743673,-1.932749364641495e-5,6.956800352782011e-4,0.33672234416007996
-0.08840985596179962,0.008239760994911194,-0.7504286766052246,0.21604803204536438,0.04107963293790817,0.004331342875957489,0.01529926061630249,0.05423058196902275,0.021232066676020622,-0.001265128841623664,-2.2943656949792057e-4,5.427479045465589e-4,0.33672234416007996
-0.09814378619194031,0.01071783434599638,-0.7671887278556824,0.19827598333358765,0.06533297896385193,0.016670504584908485,0.012854655273258686,0.06728965789079666,0.022977961227297783,-0.001537972828373313,0.0014294912107288837,0.0013292866060510278,0.33672234416007996
-0.06513960659503937,0.02005801536142826,-0.055524878203868866,0.13439881801605225,-0.008419962599873543,0.01954384334385395,0.001598070259205997,-0.10957691818475723,0.03442048281431198,-0.004034354351460934,-8.620597654953599e-4,0.0018364907009527087,0.33672234416007996
-0.08751435577869415,0.023715471848845482,-0.07416119426488876,0.14198490977287292,0.006652481388300657,0.012888841331005096,-0.04515159875154495,-0.10833217948675156,8.374378085136414e-4,-0.0034351174253970385,-0.0015586622757837176,0.0024798645172268152,0.33672234416007996
-0.050652340054512024,0.03226479887962341,-0.06760623306035995,0.12372634559869766,0.032854773104190826,-0.024366455152630806,-0.026569006964564323,-0.09621576219797134,-0.016215959563851357,-0.0029805239755660295,-0.0030063220765441656,0.0024280499201267958,0.33672234416007996
-0.06638958305120468,0.03347834572196007,-0.06676004827022552,0.11124556511640549,0.030767571181058884,0.022617878392338753,-8.027979056350887e-4,-0.12395483255386353,0.018702831119298935,-0.002803085371851921,-0.003611848456785083,0.0017469741869717836,0.33672234416007996
-0.08268313854932785,0.0099910832941532135,-0.7480968236923218,0.18038403987884521,0.082173191010952,-0.04236024618148804,0.013555475510656834,0.0697934553027153,0.0031324708834290504,-0.0015870501520112157,-0.0014820105861872435,0.0013191865291446447,0.33672234416007996
-0.10809678584337234,0.005386498291045427,-0.7488411664962769,0.1845005303621292,0.03446558862924576,-0.07969693839550018,0.044297412037849426,0.02483515255153179,0.0034883960615843534,-0.0014526312006637454,-0.0019122154917567968,0.0010500320931896567,0.33672234416007996
-0.08597975969314575,0.006824808660894632,-0.7245358824729919,0.17167608439922333,0.009967457503080368,-0.05866236612200737,0.02036518231034279,0.045640166848897934,-0.027662433683872223,-0.0010664270957931876,-0.0023536684457212687,0.0018400625558570027,0.33672234416007996
-0.08914414048194885,0.012011785991489887,-0.720369279384613,0.18434612452983856,-0.0020693878177553415,-0.040754836052656174,0.022928282618522644,0.06895283609628677,0.013670003041625023,-9.274331387132406e-4,-0.0022226949222385883,0.001456098398193717,0.33672234416007996
-0.04034728184342384,0.011980938725173473,-0.5104407072067261,0.21216464042663574,0.03454498201608658,0.0074984291568398476,-0.0033293103333562613,0.10403649508953094,0.08000221848487854,-0.002006791066378355,-2.4644214136060327e-5,0.0013564982218667865,0.33672234416007996
-0.07001426815986633,-0.0024847877211868763,-0.2814430594444275,0.15000270307064056,0.029306560754776,-0.04133010655641556,0.010753058828413486,0.12998981773853302,0.07776753604412079,-0.0019181546522304416,-1.7643124738242477e-4,9.319616365246475e-4,0.33672234416007996
-0.05823531374335289,3.237554046791047e-4,-0.30607175827026367,0.17260611057281494,0.07362627238035202,-0.039906833320856094,-4.6513084089383483e-4,0.09200876206159592,0.04852982610464096,-0.003071035258471966,-0.0014317353488877416,0.0015180103946477175,0.33672234416007996
-0.058980248868465424,0.005076174158602953,-0.4811789095401764,0.17107902467250824,0.06302729994058609,-0.0479646660387516,-0.004408645909279585,0.07507772743701935,0.008422806859016418,-0.002418218646198511,-5.002553225494921e-4,9.028193890117109e-4,0.33672234416007996
-0.053751926869153976,-1.8092860409524292e-4,-0.4645102620124817,0.2228250503540039,0.018583139404654503,-0.03408541530370712,0.001689933822490275,-0.08897765725851059,-0.007645078469067812,-0.0021348986774683,-0.0021730319131165743,9.94226080365479e-4,0.33672234416007996
-0.10556329786777496,-0.005625986028462648,-0.39779549837112427,0.23318280279636383,0.010981149971485138,-0.03717397153377533,0.003413544502109289,-0.05297165364027023,-0.015111824497580528,-0.0020907388534396887,-0.002120406599715352,9.596635936759412e-4,0.33672234416007996
-0.0600598119199276,0.005862932652235031,-0.419091135263443,0.2310812622308731,0.04479851573705673,-0.032443251460790634,0.1055954173207283,-0.10142989456653595,-0.039285626262426376,-0.0014293163549154997,-0.0019323136657476425,-2.802879680530168e-5,0.33672234416007996
-0.12918002903461456,0.030240986496210098,-0.04703923314809799,0.19175371527671814,0.05995229259133339,-0.03051801025867462,0.10091864317655563,-0.08381863683462143,0.007587007712572813,-0.0017366484971717,-0.002054779324680567,0.0023812248837202787,0.33672234416007996
-0.10247788578271866,-0.007012821268290281,-0.5200896859169006,0.16454365849494934,0.09562324732542038,-0.031833354383707047,0.0022934165317565203,0.05842747911810875,-0.0055184378288686275,-0.0012157394085079432,7.964010583236814e-4,0.0013866027584299445,0.33672234416007996
-0.100202277302742,-0.009691066108644009,-0.6039433479309082,0.2445967197418213,-0.011278086341917515,-8.369199349544942e-4,-0.011174337938427925,-0.022852906957268715,-0.04242505878210068,-0.001477602287195623,9.178190375678241e-4,8.81920219399035e-4,0.33672234416007996
-0.08596353977918625,-0.009077220223844051,-0.3053341805934906,0.2006700187921524,-0.008918557316064835,-0.003686246694996953,-0.003639621427282691,-0.014475741423666477,-0.039210520684719086,-0.0015341751277446747,7.756290142424405e-4,8.481579716317356e-4,0.33672234416007996
-0.09497740119695663,-0.0015041662845760584,-0.46891799569129944,0.1945420652627945,-0.012607647106051445,0.01631290651857853,-0.01223570853471756,-0.005863871891051531,0.015130534768104553,-0.0013896545860916376,0.002324086846783757,0.0013903630897402763,0.33672234416007996
-0.11622803658246994,0.002339887199923396,-0.649697482585907,0.1953108012676239,-0.04240022972226143,0.011259217746555805,0.007463425397872925,-0.013642623089253902,0.01769036240875721,-0.0012131237890571356,1.3375423441175371e-4,8.458202355541289e-4,0.33672234416007996
-0.0593586303293705,0.014061360619962215,-0.09526906907558441,0.23983049392700195,0.030652303248643875,-0.04063408076763153,-0.056785956025123596,-0.09311162680387497,-0.03788601979613304,-0.003300502896308899,-0.0017999697010964155,6.237940979190171e-4,0.33672234416007996
-0.009928626008331776,0.025819983333349228,-0.021419798955321312,0.2512700855731964,0.03709961473941803,-0.013335823081433773,-0.066670261323452,-0.046704843640327454,-0.03656550124287605,-0.0032433164305984974,-0.0018688255222514272,7.395502761937678e-4,0.33672234416007996
0.01750907301902771,0.036178965121507645,0.01715874671936035,0.24823689460754395,0.035768210887908936,-0.02262664958834648,-0.06777603179216385,-0.034596998244524,-0.015713389962911606,-0.003219884354621172,-0.0014469726011157036,0.0015112885739654303,0.33672234416007996
-0.03411544859409332,0.029586415737867355,0.014528894796967506,0.1856800764799118,0.020751310512423515,-0.05944487452507019,-0.06389318406581879,-0.02797839045524597,0.0066392128355801105,-0.0033388971351087093,-0.001765707740560174,0.0012073672842234373,0.33672234416007996
-0.11232292652130127,0.006404925137758255,-0.8402224183082581,0.17440186440944672,-0.03783715143799782,0.008059275336563587,-0.00486698467284441,-0.007909600622951984,0.020576028153300285,-0.0016224620630964637,-8.869064040482044e-4,8.185201440937817e-4,0.33672234416007996
-0.165558859705925,0.017116332426667213,-0.05565699189901352,0.22654420137405396,0.03843635693192482,-0.06803127378225327,0.057910725474357605,-0.11205103248357773,-0.01894916407763958,-0.0014078182866796851,-0.001370806829072535,-3.12592601403594e-4,0.33672234416007996
-0.17692974209785461,0.01930692419409752,-0.07235962897539139,0.12730740010738373,0.014891969040036201,-0.0991474837064743,-0.02249838225543499,-0.07363683730363846,-0.0200722087174654,-0.0027311479207128286,-0.0011557935504242778,0.002498671878129244,0.33672234416007996
-0.12654583156108856,0.02542824298143387,-0.06667805463075638,0.15179111063480377,0.007433685474097729,-0.09359900653362274,-0.042530275881290436,-0.09007035940885544,-0.013938643038272858,-0.003109967103227973,-0.001088866381905973,0.002042374573647976,0.33672234416007996
-0.07561055570840836,0.032964956015348434,-0.053297750651836395,0.12441021203994751,0.006314974743872881,0.01254785992205143,-0.009282829239964485,-0.10331064462661743,0.017470892518758774,-0.002316358732059598,-0.0017182680312544107,0.001896209898404777,0.33672234416007996
-0.09584937244653702,0.004468722268939018,-0.7629016041755676,0.1386941522359848,0.0370025634765625,-0.008124122396111488,-0.001855675014667213,0.05130058154463768,-0.09580404311418533,-0.001896045170724392,-0.0013043700018897653,0.0013448897516354918,0.33672234416007996
-0.0849100798368454,0.006467512343078852,-0.7662396430969238,0.17408064007759094,0.02040342427790165,-0.03825382888317108,-0.02059747651219368,0.07137549668550491,-0.09546704590320587,-0.0028173604514449835,-0.0016851236578077078,0.0014162462903186679,0.33672234416007996
-0.09313816577196121,0.002345581538975239,-0.7614124417304993,0.1282920390367508,0.012811951339244843,-0.04153292253613472,-0.019103223457932472,0.05827543884515762,-0.10326690971851349,-0.0023137812968343496,-0.0016162795946002007,0.001263937447220087,0.33672234416007996
-0.09313755482435226,0.004936535842716694,-0.7395573854446411,0.16401076316833496,0.04022744297981262,-0.04937327280640602,-0.00469497824087739,0.04684299975633621,0.01976252906024456,-0.0021483120508491993,-6.345197325572371e-4,7.523978711105883e-4,0.33672234416007996
-0.11468442529439926,0.012870192527770996,-0.054075129330158234,0.1672055423259735,0.007346117403358221,0.021738652139902115,-2.801516093313694e-4,-0.13427965342998505,-0.020412497222423553,-0.003378997789695859,-0.0011070931795984507,-0.0013564759865403175,0.33672234416007996
-0.0763234794139862,0.017292264848947525,-0.048611387610435486,0.16511417925357819,-0.0028935205191373825,0.010096694342792034,-0.01825425587594509,-0.142229825258255,-0.03953816369175911,-0.0037652328610420227,-9.952365653589368e-4,-0.0026500949170440435,0.33672234416007996
-0.13971258699893951,0.009530802257359028,-0.07005830854177475,0.16763684153556824,0.009760335087776184,-0.007094986271113157,-0.017041068524122238,-0.13868266344070435,-0.03065197356045246,-0.002239478286355734,-0.002143884776160121,-0.0010171621106564999,0.33672234416007996
-0.08752737194299698,0.00848719384521246,-0.3655790090560913,0.18105775117874146,0.025952434167265892,0.028349895030260086,0.031961146742105484,-0.10786568373441696,0.005062147043645382,-0.0015718551585450768,-0.0018162865890190005,0.0017388833221048117,0.33672234416007996
-0.08318961411714554,0.001040798146277666,-0.7391645908355713,0.20390360057353973,0.014518260955810547,0.007311814930289984,0.0053659286350011826,0.06298540532588959,0.012650649063289165,-0.002107147825881839,9.334574569948018e-4,-4.897398757748306e-4,0.33672234416007996
-0.08046908676624298,0.014116203412413597,-0.755070149898529,0.1961170732975006,0.04863324388861656,0.030790334567427635,-0.002648887922987342,0.06411609053611755,0.024434879422187805,-0.002166719874367118,0.0013443718198686838,9.740330278873444e-4,0.33672234416007996
-0.0724274143576622,0.006129206623882055,-0.7411895394325256,0.19458922743797302,0.04767601191997528,0.025473227724432945,-0.0021537761203944683,0.04972084239125252,0.021930010989308357,-0.00208272528834641,0.0010652256896719337,2.2436589642893523e-4,0.33672234416007996
-0.08458129316568375,0.012965657748281956,-0.7685949206352234,0.15985427796840668,0.07134423404932022,0.02185341902077198,-0.011127705685794353,0.051455315202474594,0.017872005701065063,-0.0013262047432363033,0.001649810466915369,9.118304587900639e-4,0.33672234416007996
-0.05937404930591583,0.017096398398280144,-0.7558042407035828,0.2015480250120163,0.05437614768743515,0.019988231360912323,0.004718970041722059,0.07847296446561813,0.06310907751321793,0.004768042825162411,-0.0034570435527712107,0.0034231352619826794,0.33672234416007996
-0.06162579730153084,0.014844016171991825,-0.7436979413032532,0.2248634696006775,0.09071051329374313,-0.011815635487437248,0.036202047020196915,0.08728223294019699,0.07119610160589218,0.006032056640833616,-0.0029817514587193727,0.004666782449930906,0.33672234416007996
-0.06105676665902138,0.01715557463467121,-0.7461795806884766,0.22972215712070465,0.08862939476966858,-0.008915893733501434,0.03013402223587036,0.08086854219436646,0.07581312954425812,0.0061258068308234215,-0.0028417366556823254,0.0017680921591818333,0.33672234416007996
-0.06579893082380295,0.010819507762789726,-0.7474021315574646,0.20024634897708893,0.059821080416440964,-0.028045732527971268,0.016685999929904938,0.07919307053089142,0.016678813844919205,0.006050023250281811,-0.003121508751064539,0.002432090463116765,0.33672234416007996
-0.007452500052750111,0.019333818927407265,0.026740362867712975,0.1807948648929596,0.020926645025610924,-0.023068001493811607,-0.02597198449075222,0.047251973301172256,0.0672023743391037,-0.0024287207052111626,4.686472821049392e-4,-0.0010735592804849148,0.33672234416007996
-0.0023422627709805965,0.015653304755687714,-0.0199515949934721,0.1733037680387497,0.01660185307264328,0.015100996010005474,-0.04235614836215973,0.03705401346087456,-0.0540008619427681,-0.002512753941118717,6.326191360130906e-4,1.3735724496655166e-4,0.33672234416007996
-0.018658310174942017,0.01839105784893036,0.0017801119247451425,0.20243880152702332,0.014212031848728657,0.017263293266296387,-0.0313410721719265,-0.014226894825696945,0.052056197077035904,-0.002814697567373514,-0.001115557737648487,7.809756061760709e-5,0.33672234416007996
-0.09557642787694931,0.010622764006257057,0.021868117153644562,0.14324620366096497,1.8139622989110649e-4,0.023838449269533157,2.5835499400272965e-4,0.028998957946896553,0.032836250960826874,-0.0023447037674486637,9.251437149941921e-4,0.0014811502769589424,0.33672234416007996
-0.05460413172841072,-8.407366694882512e-4,-0.0995013564825058,0.22783175110816956,0.018199315294623375,0.01063622161746025,-0.06647621095180511,-0.09670119732618332,-0.06545109301805496,-0.0036522881127893925,-0.00218378659337759,4.925912362523377e-4,0.33672234416007996
-0.04778927192091942,0.019752386957406998,-0.08532833307981491,0.24074378609657288,0.03567780181765556,-0.03267896547913551,-0.023155270144343376,-0.08523517847061157,-0.022834083065390587,-0.002682850230485201,-0.0021048092748969793,3.819792764261365e-4,0.33672234416007996
-0.03032139502465725,0.03408104553818703,-0.040575336664915085,0.21512414515018463,0.07418297976255417,-0.039516180753707886,0.07310736179351807,-0.13181816041469574,-0.04711515083909035,-0.002012328477576375,-0.0020083545241504908,-3.849347704090178e-4,0.33672234416007996
-0.04681461304426193,0.04463151469826698,-0.051319606602191925,0.19848909974098206,0.04559667035937309,-0.02790813148021698,0.04591720923781395,-0.1107337698340416,0.016742143779993057,-0.002448523882776499,-0.0019884987268596888,0.0024270424619317055,0.33672234416007996
-0.13264420628547668,0.007931306958198547,-0.8418972492218018,0.27183976769447327,0.01637430675327778,-0.04797981679439545,-0.01720193214714527,-0.017218517139554024,-0.006101828999817371,-0.0016990791773423553,-0.0017966123996302485,0.0012878369307145476,0.33672234416007996
-0.134759321808815,0.012139720842242241,-0.8605204224586487,0.3415193259716034,0.026057394221425056,0.04201517254114151,-6.027431663824245e-5,-0.015515857376158237,0.027505790814757347,-0.0014042748371139169,-0.001875537564046681,0.0015084127662703395,0.33672234416007996
-0.11584518104791641,0.012310963124036789,-0.8596317172050476,0.347633957862854,0.02329380251467228,0.027866702526807785,0.014579172246158123,-0.003228511195629835,0.01817999966442585,-0.0012889212230220437,-0.002031805692240596,0.0016310986829921603,0.33672234416007996
-0.12243149429559708,0.021943219006061554,-0.8645921945571899,0.23741868138313293,0.01824807934463024,-0.08429588377475739,0.06913691014051437,-0.028696559369564056,-0.029967350885272026,-0.0012150844559073448,-0.004245429765433073,0.001650430727750063,0.33672234416007996
-0.07884548604488373,-0.007331788539886475,-0.23223447799682617,0.1746397167444229,0.014320079237222672,0.009757614694535732,-0.008150715380907059,0.06127287074923515,0.014373388141393661,-0.0012210984714329243,-4.905506648356095e-5,9.034823160618544e-4,0.33672234416007996
-0.07745801657438278,0.003182718763127923,-0.496179461479187,0.17824199795722961,0.026150597259402275,0.012475384399294853,3.950166574213654e-4,0.11318230628967285,0.06794141232967377,-0.0014604371972382069,-4.609688767232001e-4,0.001467489288188517,0.33672234416007996
-0.07681339234113693,0.007392529863864183,-0.7215797901153564,0.18164925277233124,-0.007772480603307486,0.03150508180260658,-0.01107839122414589,0.04723076522350311,0.018891315907239914,-0.0018632567953318357,-5.418778746388853e-4,0.001422411180101335,0.33672234416007996
-0.08018909394741058,0.005660762079060078,-0.6124089360237122,0.202906534075737,0.005631522741168737,0.030142318457365036,-0.0011707645608112216,0.05685063824057579,0.015767935663461685,-0.0015298350481316447,-5.165327456779778e-4,0.00123318238183856,0.33672234416007996
-0.1626889556646347,0.024046532809734344,-0.057688020169734955,0.19711634516716003,0.030187953263521194,-0.07969542592763901,0.11110430955886841,-0.07425237447023392,0.04441944137215614,-0.001347972429357469,-8.738436154089868e-4,0.002012767130509019,0.33672234416007996
-0.17578187584877014,0.01736225001513958,-0.0623893104493618,0.17597410082817078,0.029355308040976524,-0.07544057071208954,0.05676328390836716,-0.06473318487405777,-0.003784933825954795,-0.0025600073859095573,-0.001225390238687396,0.003052797634154558,0.33672234416007996
-0.1845938265323639,0.015691708773374557,-0.06318111717700958,0.17407675087451935,0.028188562020659447,-0.07741411030292511,0.047606680542230606,-0.07187166064977646,-0.014477882534265518,-0.002482462441548705,-0.0013594790361821651,0.0030409072060137987,0.33672234416007996
-0.19167247414588928,0.012187100015580654,-0.06226208806037903,0.20634710788726807,0.0368492566049099,-0.29467469453811646,-0.006099130026996136,-0.05989043414592743,-0.006581387482583523,-0.0018817823147401214,-0.002426727907732129,0.0022076552268117666,0.33672234416007996
-0.056438881903886795,0.011502768844366074,-0.7475697994232178,0.18294958770275116,0.01804470270872116,-0.034493640065193176,0.021874789148569107,0.05736984312534332,-0.04431573301553726,-0.0010664884466677904,-0.001959431217983365,0.0016559066716581583,0.33672234416007996
-0.046470023691654205,0.010929671116173267,-0.7443744540214539,0.17850762605667114,0.018440864980220795,-0.03559108451008797,0.017309822142124176,0.05428372696042061,-0.027544653043150902,-0.001133230049163103,-0.0020127343013882637,0.001480575418099761,0.33672234416007996
-0.04025386646389961,0.012028650380671024,-0.7610481381416321,0.1912141889333725,0.02064552530646324,-0.04318445548415184,0.05883289873600006,0.051578059792518616,-0.024492917582392693,-9.744811686687171e-4,-0.0018375525251030922,0.0012075621634721756,0.33672234416007996
-0.057927027344703674,0.011319614946842194,-0.7273650169372559,0.17543722689151764,0.038473598659038544,-0.05804481357336044,-0.03785954415798187,0.07630196958780289,0.014351432211697102,-0.002116160234436393,-3.740203974302858e-4,0.0011655698763206601,0.33672234416007996
-0.14905676245689392,0.0011537137906998396,-0.8532501459121704,0.18695078790187836,-0.0159225482493639,0.013069909997284412,-0.004939393140375614,-0.06363707780838013,0.014258474111557007,-0.0023187147453427315,6.871084333397448e-4,0.0013722408330067992,0.33672234416007996
-0.09034137427806854,0.0016889740945771337,-0.5748980045318604,0.1706221103668213,-0.00980662927031517,-0.0036015131045132875,0.006047307979315519,0.10689038783311844,0.05867944657802582,-0.001461316249333322,2.21462149056606e-4,0.0014732207637280226,0.33672234416007996
-0.09706490486860275,0.005863071884959936,-0.5317310094833374,0.18199822306632996,0.005792571697384119,0.023146627470850945,-0.0031323626171797514,0.10019411891698837,0.015492407605051994,-0.0014564746525138617,0.0012810808839276433,0.0016284651355817914,0.33672234416007996
